global_id,sequence
1506,SLEERRKELKEKVEAGELNYWEIMYEAMKLMIESGAPIEHLEYATNVIQNNPNNKELLEKIAEVALSGDLSLLEELVKEG
5300,GSWLQAALNIAEQIYKLGPEEQLQVLNDILEHIDSFTKEEAEALLVGVKELRKKLEAEGAPQEVLDAVDKLEKALEKKIK
5981,NAAAVGDLQAMARGTIEAATIDKETADKATKIMVEYAKANANSEGVLKVVEDAAKKLKELGYEEGAKLLEETAKEIRKKL
3718,NLEKIAAFYRELGERLAAALRARYPERAAEIDARLAEFLALVEKMLKDPSYLPEVEALLAEMAAELGARNVFDGYWLVDV
2383,DLLEKLLSLASFGDPEVRARMEALPPEEKKNSPEYQEYEQRRRSEIGRLHALYLLLRALGVDAKPEEFPGLLEAFPELGE
3494,MEKEIIIEVGEVKENGTIVLKGKTLDGGEVEEVEARSTYYGGNEKITIKITTKDGKETFTGYLKLLPGPYALFKGELEKE
5624,FSTVNIHFFKETEDNTLEYIGAIYPKFNDTSINPKYKNKVKLSYDKETKKATMTIINPTEEDNAKYLKAYSPYPGGPWIF
1892,SKVDRRRKANEAYSAAYAALEKERAEATNEANALAAEAEKASEAEREALAKQKEEIKKKQHELCYKQMQVQENYNTRMVG
1304,SSKSSRVVVISSLSSLLFFVLLLAAAMQQQCQQKYYELLYTTTTTTTSKKKKKQLQSSLLLLLLFAASLALIQSVKKKLL
3109,TALVEFSSIGVLFLLSALAGGEPKVKGGGKLSFSFDKLKADEVFITLLIPIAVEAVDKFGKGLIPEAKEKLVPDAKGSLG
3599,SNDVTITITLKDGTKCTTTARSTYYGGNGIKLYDKCNMEIGAYYSTWEELKNLVLSLIPETTEVTVKYPGEPEKTLKIEN
2096,MMSSKVQQLRAEMAQNNEMKKQLTAQLKELEAEMEALEKDGTEVAKVEKLKQQAEEVEKQLAELEAETQALTSKLVQAEG
9556,MLKGDIEALEELKKSKTASPEVKKGAKEVWERIKKGERTLNKGDIEALEELKKSKTASPEVKKGAKEVWERIKKGGGGGG
2793,TEIAASDKEFKRFSGAVGRKGRVLEFRGIILRELADESGLLTGTRLALIGGILRAVLLKAKDRIIADAKTLGAIKLAEEI
11364,GLLDVLRQQALDLTKEAAAVAKKLGRLTPEQIAKLLAAAEAYAATKTLEEAEKKWAEFVKLIDTEIKDWPLIGAELLLSK
3091,APLAEAREREEAAAELLRRGLLLGEDLGLLGKDGDAELELELARLAAGKLRRELERGRGLGAGTGGAAAGVGLLGDLADG
2293,YVEDGMKERRAQLQAANAAALEAASPAERAAVAAECAARNAKFTQEINELRAAEKAEQEAWQAAQKAAAADRARAAAAAG
2779,DGELELVPPRIILPKTGALPEAGKASIVEEDLLDEKEPFDPADPREDKVTVIAAFERKEAARFEIDVELEGFVLAEKRLL
2897,ALERARLGEEADLLGVLAAGELAEEEGLEGDDGLRELGDLLVTASGLGAGGLADLLRLRLDKAEEELGELLGELLDDRAL
11097,KLEEIRKENLERMEKLMASQKTPLEARTWAWQVYAVRMILLAESLGLPLAKTLKEIQEKIFGKVDPEVEAFAREWVERVL
1479,VDKETFLANIRKVMTELYPDNKEYIDLFVKAVEEAIEKNPGANYWEIMYEAMKLMIESGAPIEHLEYATNVIQNNGGKLG
7728,TTLLATTTVTTDAGTLTVVSAVNGTVVVSTASTPNSSTVYATSGSGVAIGADGTQVKTTSTLSGGTVTQTATVYSQKVTL
3361,EKITVVVEAPEVERGRVAVYYCARNVFDGYWLVYWGQGREAVETLPADTPAEEREEALRRLASELFGLPEESLEVVLRAP
10098,EPKKYLITITFSDYNNEKKLALARKLDEIAEKYGLRLPYFSGNTVQFYVYEEDAEKVEAEIKAFAESLGVKVTISKELVE
3558,PVTESEAVAAAKAKYDADAVYYCARNVFDGYWLVYWGQGVHGSAPDSALLADCREAMTEPTALMAWSSAGGTEYLTVTRD
5932,MTTVEVEVKSKKNKPLKVKVTIDDKTGRPAEIETENISLESAYTAFVKVANKNKNKPITPEDIKAEMQKIAEEEAKKREA
10173,PDPATVAAMTDAQIAEKALELVEKNDEAARKAAAALVLAANQVSPELAQNVANAFAGALGYWDGNAVLKELLALGKALAA
2771,DLRAKGEELARRRLGGALLRGLLAELLEEADLEADGLVPGELKALLGGEALELAGELGGLGVDLAGRLKDGDEALRERSL
7632,MEKLEELVKRYEEMAENYANLNEEEKKELKEVEKEIVKEMYKLLKTGDPEDLAKVKEAIERIQKANNILDTKTKKLKEEA
3619,MTRKVTLDEPAVYYCARNVFDGYWLVYWGQDAVELPASSEPVEVTLSEGECDFLVVKFSSGSVQVFPFDDGKEVIHVKSP
6399,PDPQKDFEAPWISMGASINSAMVGALGAFPEMDCAMPSAQVAFIRGLIAYMSAAQTLWTACRGMGNDVETQNEMLYDFIW
3555,STHLIKIRVPLPASARSTYYGGNDPSLFEELGLTPIYVEYAPGYVNAVAEVDPSLTPEEVEAIVARIKAIPGAEVEVIEP
4584,EEVKLTYEQKIAKRRADIDLVKHTPLENQLAYLEAELKRLGLTAELEEIKKLPDLQAAVDAAYEKIKAALAAEEAARKAA
11186,SLLSATKTFLKVLEEFKKDPEKLAKNLVKNSRGSDPSTALPEEELKKAEEKGLVKSLELMLKGTGLVILFFLGLLLIIAR
7722,TTLLATTTVTTTAGTLTVVRAVNGTVVVSTASTPNSSTVYATSGSGVAIGADGTQVKTTSTLSGGTVTQTATVYSQKVTL
2577,SLLEKLKLLASFGSPERRAAMEALPPEEKKNSPEYQEYKTWLRSQQGRLLADYLLDRERGVNAKPSEYPGLGDVYPELLE
3732,YPGNGDTSYNQKFKGKATLTADKSSSTAYMQLSSLTSEDSAVDWYFNVWGAGTTVTVSAASTKGPSVFPYYCARSTYYGG
11257,KWKELEEEEKKRVAEEIAKAKNTKEASLLLARRFAERMILLLEALGFPLAETVRKLRDEHLPDASEEERERVRKLVAEIL
10621,SAEAERRGKVYERLEAIYEKLVAAGRKPSFELLERMTEIAQHYLVEEAEKAVEELEKEVAGGGGSGGGGSGGGGSGGGGS
796,YNTFGIKHHGWYQQAPGQRQWVAGIASDNITSVAEAVRGKFSLSQENSKNTVYLQINSLEVETQEYYWYSQQVNFFTHRY
7143,AEIPSDVKSPEAWEMAKTSSYQMWFKNWLDQTTTEQDPRSAMLYQMSNITACQLVPLMNMTQMDQNDNNIIDADMPVDIS
2844,LTALDKFGIVSPLELVAAALGDKVGDPTSVTVPGTDIGPFLLELGLIEESRILGFKGIFPPAPRLFAAARRTGEDADFID
9198,AETAALKAGLAEAQAAAADYAAKAKEYKAKAEKYYKLAKESKKSLLYKYLGDLYEAEAGEAQGKALRAQGAADTLKAKIA
7122,FPIPDDSPPPKGWEMENTSSGQWYFKNAIDQTTAVEDPREWEESKMMLQLTANQACPDAGLCGNICDQLSGQGLCGTVPM
3686,LKEEIKKLLEELLKMAKEMGKEEIAKLLEKAKKAVEEGNIDEAKKLIDQILRMAEEMGLPEEFIEKVNELKELVERLKLE
9030,SALREALRRKEEEERRRRAEEEAKSKEEEEKARKQAANKAKTEREAEQTNSQTIKNELDLFEKNSEILDKARKVLEKQLK
2778,PLAKSRTIILSKRARARTAIIKGARGDSFALLEGKSSDLVLDEGGSLRLTLVKAIAGLVSLLVIKGKGDRERKPDLTEDT
3332,SPVLELECRFEELPSETARRALAELIPAERISRIRVRLEEVSGPLVLAYLEIELKDTGEAVYYCARNVFDGYWLVYWGQG
2869,AARRRVRLALARLLAGLLADLLELLEEGDAAALRELEALLSGAPERLALLGELGAELLGGDLRGERALAGKLALLGLAKA
945,HKYDHHCWWWFNHRTICGGCLYTATAAGFTAIGTTHTPPPNIWDFIENNILPQWAHPVTPAAKEGRWDRVCSQCGKGYGK
21,ATISCSISVNSIYLAWHQQKPGQAPRLLIYGASSRAIGIPDRFSDSGSGSSFSLTVNAGDTYICQQYGSSPWQTKTFTAT
11267,SLLAYYRRLIALAELLLLLKGPRKDPSLPPLTPEQLEALKARALAVFREAAAELRAEGVLVEQVAQDEAELAEALAKAAA
4885,SYLEELLKLLDEALESGDVGRLVSILLSLDIYVKKDTDESKKELKKELSKLITEALIAANRGDEEELKKKVEEIKELLKK
4302,SEELKKVILARADVETMIKSLDKLDVETVLKTALELFKNLGDEESAKLIEEALKDKSTALEALKEVAERLKERAKELAEK
3339,MTTLARNVFDGYWLVEEITAETEEELKEASIKLYELVIKDLGVEPQTLEELEELLKHYITVKNAENPEDFEKILKYVKES
4446,EEEVTRTKLLLADLKEMIRMIPHVGVKEAAENAAKLLKNHGYEEEYEKIEKAQEDGKTLKEALEKAAEKVEKELEKAEKE
8357,AAALRARLRAAVAALVAAEELTREGVEALLAVLDEAEAAGVALSPEERELRSTLRNWLRGTVSAAEVKATAARTLAALEG
3426,KSEELKEEIELLNKIIELRVKNGDEGFDEEAAVKELQKKYPNVKAVKKKIAKDIQYGNYYYGMDKEVEITLAEVEDVPDP
1376,WNFRHGCWDCILQQYMTCDCHNVMLLFAVAALTTILTFNAILELAINNRNNPDRVHEVLVAMEQEWFRIVVYYGGYCGPN
2754,GEDDVDVIVKLTDLEEFGFASAELSTGEVELAVFLLDASGEGEGSTEAGIFTGLLLLTLLTKARKGRGESLERVKELGKS
8192,SELEEIKEELEKYLKYIEENPNVPRSVIEGALFLKAKLLIAEAPPSAKLKPVIHLNNAYLYAVTEEEGEELRALYEKMLA
2328,SPAEAHETQIKMLEQQAEDYKKSEESNRARAAALASGSAADKEKAAKYAAEAEENNQKRIEYEEEQAQLENEQAEAQKAG
3012,ILLIEELFARFLSLGLEGDFLGRTESLAKLFAVSLIKAARSFRDAILEIKIELALSKEREAAVDAGLFAGLEIRLDSKAS
7397,KTIKVVFPDLPLEVVKAIAEKRKKALTELAKKNNDKAKELEKNEGPSAQPYIDEYNKLAADLNADLESVEKALKEILEKR
2029,INGRIQAKAAAERAKERAEANAEAAKLEAEAEQALAEGNEAEAAELRANAAAARAEGGAKAAQKRQEAQQQIKQVRAQAG
3037,PGGGSGGTTGGGGSSSSGGTTPSGGTTGGNSGGGGSGGTTGGSGGGGSSSTGGTTGGGGSSSSGSSSSGGNTGGSSGGGS
3158,RPRAVDHICRLLREVRSVSEACADLVQAMLTVTEQGHTPYDSYELSLLFFVNSILKNGKRAMDLAALILGEIAGAEGGGS
10932,DESKKYLEEAKEALKKSKEIYAKENPTVEDAQEIAKNAGLAENAARKLKELGDKEGAKEAAKYAKEAKEYLKEVSEKVKA
2811,DPPGAAAAVLDLVKLEAAAKSLTGSAISEGVPDTLLGVEPEGAGEVTREFLSELVRVSTGSVEKVIAEIASKTSKRPERL
1159,HYHYFKHWHWWNRHNPGGVQRNRIVQMPCAIAMTVMPFISRMNGCKEQPNFPCRRVPVVVPAAEDAEFRSVEGAGHWYGF
3165,GDITFLAAGLTDTDALVISGESAVLDTAEEGKEALKLGLELGEARRALVEALVEELGELERVDTTLLEVSLEEEILEGKT
3453,SNELTYIKFVGKVNGKEKTVYAVRYSNGDVILEDGTKLEGVSLEELYEIVKKKYGMEEAVYYCARNVFDGYWLVYWGQGR
3222,SLRTRIVAAAMLRIVKRFLAMMVRIHRPVYNEMAKMHNTGDYYTHMDQVFYYMGHHPVVEIGRFIQAVRVEIMVVRVLMR
2848,VGTLDMLAIKLQELLNLLALFLLLEASATLGEIIESFAATSDREIIQYGISKMRMSSLFDADTYYRTLGFSVVDTLIVSV
3714,ASPAVYYCARNVFDGYWLVYWGQGCPEGASLEECYEDMLKGEPVDPEEKLAEMKERGLLSSEWVYNPVTKEWMLLLKVKE
3275,RPPRLLVYVFVKFNEETGKAVYYCARNVFDGYWLVYWGQGVEGPLEQREELVEAACRDVFAKVGLPYEGADIEFVYVEVE
8369,SAAAAEAVTAEIIANQKAGNKTAVTLPASVTPADALAAGKAAVEAGAHVSAVATVADDALKKGADPAEAAALVAAAKAKA
2014,MEEEQARQQEAEAAIAELNKEGEEHRARAAQAQADARATAVQMGLDEEAAAAEVAELEEEQEAKQAAIAEERAKLRAEAG
8515,KLAELEAKLATLTEAIATLKANATSRATIDAVLKKLNAAGIMPYITFDPSSDAKEDAALLIAELEKKKAEVEAQIAALKA
6879,KILVLALYDYQEISEREVTPKKGDIWYLLNSYKKDSWSVEPYERQGSVYAAYVKKLDTMTQVGQSCDMACLVLIQSVNNS
4912,EWEELLKRSEVINKLETKEFLEELLKYAKEEGYEEVLKDYEFLKKEGKKDSDITSVMAFKVSEIKGISIIELYEILEKRK
2054,MSWEEIRQLRAQLMANEENEAAREARAKVLEAEANNCAKNPGTQEEVAELAAQANAERDTAKALEEAQKAIEEELAKLMG
3229,FLVKLDPSMTPHEKSMRVWREVWATWSANKSGYMAGEADRKAGAKEWPYIERDQFLEWWRLYWQWVLTHYVYMMEVWNAS
2941,DEEQLEQIHEGVDKARTSLLAILDALLRTVQVIIAIVEDLQRALKKIPDAKDSGQLLAETVEQLVKLLTEVILLTSALGD
3301,SEDVTITIKLKDGTTLTSNARSTYYGGNGIKLNTKADITLGQYYSTWDELKNTVLSLIPDTVEVTIKYPGEPEKTIKIEN
2262,SEELQQAKEAIEQIKRHIEGLKHLRARSKDENESAALAAQTEELEKQHKELQAELEKATANAAAQAAAAARAAALAANAG
5089,SEEEFELKLSELFSDVDFMLQVIPDLNKEEQEKAFKLINEKLKLIEELVKKNEKDKEKQKEVEERIKKRKEELEKLKKES
2143,MDSQQLNRAMALHREAVEMMKAAAESSYEEFEKVKPVVEAMMKEGYEMAKKVSPELADQLRAASNAEINALEEALKKRLG
2764,ADVDARRARGGARLVKAEELEGDALRLGRALLRRLLGGKLEEDLGLDDADADVVLEDVKDLKALADLAELLRGLAGALGL
2903,SEQKLEKIIQSLTDSVKDALSKFRKFAYDLLSKDKVIQEHVKIFTSVGTQFVKKLYEELDRLVALEYTLKVEAIAKCTGG
7257,SLLEELKKVEEEMEKAAKELSEKYGISVEDALSLLRAAYTLKKAGATEEQILKTILRLLRSIGYNSEELAKDIVKYAKEL
3682,SAPETVVRLRLGEDGQVLAELTTVKPDGSETREFLTIPRSLVPPEALAALDAGQTVRARNVFDGYWLVDFEVDDGELRVP
2786,NAEQTEETYQLMLTSFTSLEDTLHKAVKGVSNALQDYSSRVKDLFAEIDQVAKASSHYLRTLYKHVINVFRTLITALATT
2860,QVDAETYEKIWQLSGTDQSAFYDLGGVVVAFVDIAELLEYFTRCVPALMKTLADDGPKIINLAYEVIGALLEAFGSLFDC
2969,ETAEEIFAYWFDAFSQIMEKYLNLYREPDYVDRLQELVTVLEDLAQDLVEVLRDYFRNYREFIQLVREAVKQQHEFLERI
6990,NVIPDDVYLPEGWEMAWTSSGQEYFNMHIDQTTTWQDISKKASYVMIDNALSCQAALQVIIIVTDDGPQPGQLTTANPNP
6867,YESVLALYDYNEMSNREVTMKKGDWITLLNYYNKSWWKVEVNSSQGFYEAAYVISLKDVMLPINPMMAMLLITCLGDCVG
3532,LRVVAVDPASSPLVPNPELIAWALANAKRVELALAPDGTLVLVVEVEVEDGKAVYYCARNVFDGYWLVYWGQGQRVTEVP
11178,TEEMLKRTEEVVKLLEEDEEGRKLGEELREETERALKSIKDEKSRRNQFSLLEAYMLGVKAEYLARKLKEEAERKLRELL
7058,FEIPDLNPLPSGWEMEATWSGWNWFKNWKDQTTTWQDPASKELSKMLNSAAPAMAQVCTSIGCIICSASSCQPGVMTDSS
