global_id,sequence,esm2_full_LL_target,boltz_rosetta_A_BC_complex_normalized,leah_12k_measured,leah_12k_2fold_threshold,msa_depth
4744,SLEEEVKKKIEERLKKKAEELGISEEELKLLEDVRQIYASFPDKKEAEEAIEKYLEERLKETGNEEMIKKVKKKLEEWLK,-149.85760498046875,-2.014,False,NaN,0
4420,DKAEELLKKIIELAKEAPEEDKPEWKKKIEEADTYASLLKDPDLPEDLKEKAEKKLEEILKESEEKIKEQKEKEEKEKKE,-149.54095458984375,-1.918,False,NaN,0
9282,EKEKLKAEAGKAEGKAAEYQKGIENATANAKRAEELKKLDPEAAAKALAEAKANKAAAEAGLADYKAKADAYKAKLAALE,-149.40281677246094,-1.963,False,NaN,0
9322,MEKEIQEAVEKAREAEKEALAAANALKKAGKTDEAAGYKGAAQRALGAAEAAYIAGDLKAAKEALEKAKKVKEEAKKALA,-149.3018798828125,-2.147,False,NaN,0
7258,IKEKIEEVLKKIKEIIELLKSGSKSEAANKVKELVEEILKNPELKELASIVEETFAEALYDPEKAKKLAEEKIEKLKKEI,-149.21978759765625,-2.099,False,NaN,0
5084,TLSKEELKKELLKLLKEAQELLEEALKKGYEEIIEKLQQLILDIDNLIEQIDELSQEELEKRLEELKKRLKEIKKEMEKE,-149.03018188476562,-2.305,False,NaN,0
3651,DLEKLKKLLELIKEILEKLKNEEEVTDEEWEEIIKELKESGLPIAKELAEVLEGYRKGEITREELLKKIEEAEKEVKEQI,-148.96649169921875,,False,NaN,0
8152,AELDEKVKEAAEADIKAKELEEYIKKNKEKLTPEEKAKLEAEIAALKAKTAALVDELLAAGLSPEEVYKKIKEAKEEILK,-148.96224975585938,-2.202,False,NaN,0
4790,ELEKLYEELLKLLEELQKKGEELIEKGDKEKYEELVKKIQDFDSRKEYIKMLIKEGKLEEAKKLLEESIKEIKKTLKELE,-148.89202880859375,-2.243,False,NaN,0
10784,EELKKKLYKKYEEKAKLYEEAAATMKKAAADLKAEAAALKAAGSPLAKEAEANATEAENDAKKFAAKAEEYKKKAEEIKS,-148.87509155273438,-2.055,False,NaN,0
4215,KEEIERLKKLYADVVIILKNKEEVNREEALKLLKEKFEELGLEEEAKLVEEAEKDPSKYDELLTKIAELIKERIEKKEKE,-148.81710815429688,-2.246,False,NaN,0
7570,AEAKEEIRKVALEASKALLKAKEEAKAKIAAAKEEAAKLDPESAKAYLAKVEAEEKAKVEKAVEEAIKKVLEAEEKAEKE,-148.80557250976562,-1.773,False,NaN,0
4842,VDEEKLKKLEEEIEKKREEAIKKLEEVIEKLKEGAKEKFVEELLKELEEMKEKIKEGKLNINDIAEVLNLAEEMIEKIEK,-148.4601593017578,-1.833,False,NaN,0
10896,MEEALKAAEEAAKARAEAIAKAKEYLAKTEKEANSIIEKAKEVAKLVSPEEAEKVVKKATEGGESLLNKGKAKLAAAKAA,-148.45555114746094,-1.654,False,NaN,0
11286,GIEEIKAKALEAIKKEEEAKAAGDKEKAEKYRKEAVKYVEEALEGVKKEKGEEAAEKLLTDIGHRYLDIKAEVEKKKAEA,-148.4026336669922,-1.914,False,NaN,0
7317,SLLEELLEKEKRLEEYAKELSEKYGIPKEDAKALLLAALSLKEKGASDEEILKTLKEMLKKLGITDEELAKDVLEKAKEL,-148.270751953125,-2.381,False,NaN,0
9066,MKEKAEELLKRGKENLEEVKRVKEDKSATKEEVLEAQKKAEEAIKDFGEASALDPSIAKEAGELRKEAKEAADEVAKIAK,-148.18023681640625,-2.178,False,NaN,0
4800,MEEIEEKLKNIEKLKKEVEELVKKSKSEEDKKKYEELKTYLGGLSLQTTTLLEEGNIEEAKKTLDEMEKKLKEFLEELKK,-148.13809204101562,-2.177,False,NaN,0
8747,PEEEKRLEEEKRRKEEEKKEEEKKKEELKKEYKKNKEKIEKLEKEVEEIKKLLKEYYNDKEKQEKIREESEKLSQELIDS,-148.13308715820312,-1.618,False,NaN,0
9178,SKEEVEKAKAEYEALKAAAEAAKKKYEEYKKKYEEDPSYAGEYGGAKTAYNALAQAAGDAKKKAEKLTAELEKKEKEELE,-147.97056579589844,-1.913,False,NaN,0
9051,ELKEEAEKAKKEREELGKKTNEKLDELNKKGTAAYKAGDEKAFQKYQEERQKVLKEGEEEGKKLLDKLKELEKKLKEAES,-147.95989990234375,-1.942,False,NaN,0
8544,SLREEKARKELEEIKKKGLKEVKELVKKGASEEAALGAIEKAAREAYRAMLEAGASEEEARKAAEEVKKEGKEELKKLRE,-147.95028686523438,-2.135,False,NaN,0
11003,VAAAKEAAKAALAEAIALNDERVKVIADLQKKVEEAEKKGDKALAEQAKKDAAKKIAELTAKINAALAASKAAEAAIAEA,-147.76287841796875,-2.075,False,NaN,0
7232,EVEEALKKIAEKEEEIEKLVKENTKMTPETAKKVQELIDKARELLKKSVTANEEEKLKLTKEAYEKYKEAVELLKKEKEK,-147.6161651611328,-2.191,False,NaN,0
3598,AKKKEQDARKKLLEELKKELKKKLEEIKKAYKKDEKEAEKLIKEVFEKLKELKEKSSPELQKEIDKIIKEFKEEIKKIKE,-147.615478515625,-2.069,False,NaN,0
8674,EEEKLKEELKKLEEKKEKEKKEEEKKKLEEEYKKNKEKIEEREKKVEDIRKRLLEYSKDKEIQEKIREEAEEYTQEMINS,-147.57180786132812,-1.447,False,NaN,0
4983,LEERYKKFLEELREEIERLWKEAEELIKEGKLEEAISLLDKIIALARIAGDEELLKKAEEKKEEALEELYEKKKEERKAA,-147.37989807128906,-2.144,False,NaN,0
4938,MKEEEKKLEELLKEAEKLLQEKAKLELEIQELREEEKNGKKVSREKIEELERKARELEKKAVELEEEVREEREKLKKETA,-147.26133728027344,-2.235,False,NaN,0
7590,SLQDEVEKLKNEILSRLDYIYVTAKKYGFEEIAKKAEELKKKVEEADKLSVEEQLKKLEEIKKEVEELEKELEKKIKEYK,-147.19012451171875,-2.253,False,NaN,0
7613,SEKEKLKEEIEKKEKELKEVEEKIKELEEKILEYTKDYLEGKDKTAPEKANELNYEIRELEKKKNKLEYEIKILKIKYKK,-147.16433715820312,-2.191,False,NaN,0
7621,SEKEKLKKEIEELEKKIEELEKKIEEYEKERLEYMKLYLEGKDKTAIDKARELNYEIRKLKKELLKAKYKKEILKKKYES,-147.10833740234375,-2.192,False,NaN,0
9240,SKEEILKATEEAYERAKKAAEELEKLGKKEEAKKYLEKAKELYEKAKKAAKESLEGAQKYAAELQELAKETEGLAKKAAA,-147.0392303466797,-2.08,False,NaN,0
4300,NPELTEAEKFLADIDIILKNYEDIDKKEAAKILLERAELIGDKETAELLKEAIENPEKFKEKLEKSKEIVEKKIKEIKES,-146.87310791015625,-1.969,False,NaN,0
3271,TKEKKKRIDKIEKELKELIKELEEKIEELKEIKEKMKELLKKLKEKLEKIEKNKEGLTDEEIKEAEELIKETKELLKSYE,-146.72885131835938,-1.463,False,NaN,0
11066,GKEEIEKLKKEADEAKGKAYEEAKKAIAAAREVEKTKTPEEAEKAEKEAQKKVAEAKKKAIETTKKYEEKIKELEKKLKE,-146.5673370361328,-1.989,False,NaN,0
10792,KEEEIKKYRAKGDELEAKGKKLNAEADKYKAAAKKAAATESKEKADALNAKAKAAADEAKKYYDEAYKYYLKAQELYLES,-146.48611450195312,-1.822,False,NaN,0
10951,EEKIKEEAEKGLKEEEKRLKAAEEEAKALIAEAAKKTPEEGAKLTAAAKAKLAAAEEAAKKGRKEIEEKLKKELEKAKKE,-146.47544860839844,-1.821,False,NaN,0
9361,SELEKLKKLAEGAKAKAEAEQKNADNGAALAAEYKAKAAADPANKAEYDAKAKAAEAGIKEAQAALEKAKAEEAELNAKI,-146.46176147460938,-2.07,False,NaN,0
3418,EEIAYLEQEIKKILEEISRVAKEIGKEEEKEAEKLKKKVDEELEKAKKLSPEARLKKLKELLKELKKKLEELKKKLEEKK,-146.42881774902344,-2.082,False,NaN,0
4792,MEELEKLKKELDEKRKEVMEEYKKSSDDSELREKLAKLLQDLDSSKETIKQLIKEGKYEEAKKLLEETLKYYEKKKEELK,-146.27130126953125,-2.065,False,NaN,0
8664,EEEKLKEELKKLEEKKEKEKKEEEKKKLEEEYKKNKEKIEEREKKVEDIRKRLLEYSKDKEIQEKIREEAEEYTQELINS,-146.18756103515625,,False,NaN,0
10903,AEEKKKLAEELKKKAEELYKEAEKLNEIAKKYWELSKKLKSSPLSKIYRKKAIEYGKEASEKNELAKNYEEEADKLEKEL,-146.10507202148438,-1.961,False,NaN,0
9127,AEEKKKQAQKLLEESAKIAKEATEYEKEVGKKAKELEKKGGEEAKKKAKELGEEAGKKKEEATKEMGKKNTEAEKLLAEA,-146.0351104736328,-2.095,False,NaN,0
7622,MKEVEKLRKKIEAGELTPEEILKELEELAKKGYYNEALILATYVVKRYPEYEKLKELVKKLKEEVEKKNKELREKSEKRL,-146.01519775390625,-1.952,False,NaN,0
11050,VEELEEKVKIYEKAVEDLKKDQEALEKDLAAAKAAKAADPEKYKADVKAAENALNETKQGLKQAQENLEEAKKKLEEAKK,-145.83480834960938,-2.028,False,NaN,0
3650,MLEEEKKKLLELFKEAQKILIEAVKTGKEEEVKKKIDEEFESFLESVKDEKEKEELKKLIEELKKELELAIEQAKKELKL,-145.70472717285156,-1.847,False,NaN,0
3437,SMKAKIEEEIKRILDLIEKGGAKEEQIKEAKELEELLKKMGASEEALENAKKLLELLEKGGAKKEIEKELKKIEEELKKD,-145.6944122314453,,False,NaN,0
9201,DADKKVQENLEAAKAAIKGAKEYIAKGDIGAASRAVQGAENAVANAEKLAKTEEQKKEAEKLKKEAKAAKAEVDALAAAK,-145.62071228027344,-2.021,False,NaN,0
3579,LEKELEKLKKKAEEALKELKELAKKLKTEKVKEALKKFEKLREEAKKLEKSKENLEEAIKVLEEALKLAEEAKKAIKKEQ,-145.42861938476562,-2.044,False,NaN,0
8360,SSELWKIISQINLQIEKIKSGDLEEAKEAIKELKKLIEEGEKLVEKYKEEVKELAKIFEEEKKKAEEAIKEAEKKIEEAK,-145.31483459472656,-1.753,False,NaN,0
8412,KVEELMKKGEEYLKKGKEAAEKGDAGNAGLYFEKAKEAYAKALNKLKEEGGKQEEIEEAQNKLEEVKKTGEEYAKKLAAA,-145.2569122314453,-2.134,False,NaN,0
10997,GAAALAAKKAELKKIYDEASGKAAEYEQKAAKYEREALKYKKDPTKKEKAKEAEAEAAKYKAESAKYKDIANAAKAAIAA,-145.17251586914062,-1.954,False,NaN,0
10964,SLAEEKELEALAKADIEKAEALIKEGEEAAKTDLKLALEKYGQAITYATRALGNPKVAAQAKELLKRALEGLEEVKKKIA,-145.15415954589844,-2.041,False,NaN,0
9088,SKAEELKKKAEELGKEEAKLQKEADELAKKAKAALDAGDKEAADKYAEKGQEVNKKRAELSLKRGDAIDEYKRTKLEEEL,-145.0221405029297,-2.121,False,NaN,0
8438,KEEAEKELKKLEEELTKKADEEYAKIKKEMDEAFKNRSKITPEELENKRLEAGQKLLDLDSEIKKKLEEKKAELEKKLAE,-145.00668334960938,-2.027,False,NaN,0
10961,KYKEILENAKKKEEELNKKVIALTDEANALTAAAKKATPEEAAKLNAEAAKKKAEAELTEAEGKQVLHDATIIANKIKEN,-144.84213256835938,-2.01,False,NaN,0
8644,SEEEKEKKEKEKKEEEKKKEEERKKKELEKELEKNKEKIEEREEKVERIRKELLEYKDNKEKQKKIREEAEKYTKELIDS,-144.7720184326172,-1.8,False,NaN,0
10887,SSAAIKAAAEKAIASAKKNKEEVEKKTEEAIKILKELKEKNKDNPELAKEYEKKIEKAKEDAERELKNIKAVEEAAKKAI,-144.3344268798828,-2.113,False,NaN,0
3625,EEVVLTEEEAEKIREEVEKLLEELEKLPKDVPAKELLEEARRLAEELLKALEEGNYKEAAKLWEELLRVWKQLKEKLAAE,-144.3067169189453,-1.807,False,NaN,0
10880,KEAELAKLKAEAAALKEKYEAALKEYSELKNQRLYELKYGTKEKSEEIGKKAVEAYNKAEEYKKKYEEAKAKADALAAEL,-144.27523803710938,-2.02,False,NaN,0
8289,ELEKIKEEFAKLVEKIEKKVSPELAKKIRFYAQETLTTGNLEAGEKLVELLKEAGLEEEAKEAEKMLEKLKKALEEKAKK,-144.25546264648438,-2.128,False,NaN,0
1856,MEAAKELGKVRRDLEDAEKELKKAKEEGDLEKAKEVLKIAKEALKIAKEQAEKAPIASKELAKRAEELIKEAEKVIKELS,-144.20291137695312,-2.25,False,NaN,0
9087,LEEEAKKLGEETEKTGKEALEVGKKANEARKKAIEEKSNPEKAKELLEKQKELIEKAEELAKKAQDLGNQLDITVAKAEA,-144.0851287841797,-1.979,False,NaN,0
5230,SSLEEKRKKLFEELAESSEEEILAYIENLEKDVEKLSKEELEILIKELERLLKKLKEKGASEEVLKKIEKLIEKLKELKK,-144.021484375,-2.258,False,NaN,0
10799,ELTEEQKKEVEEIAKKLEEVKKEAKKADEEGKKLVATTAATKTPEEAAKAKEEAKKLADEASEKILKTEKEARELLEKAK,-143.7764892578125,-2.001,False,NaN,0
9245,DELLKKALAAEALATAKAALETAKEAKKKGDVETAKKALEKAEAAYKRAKEQDEEAAKEAQKYLEEAKKYYEEVKKKVEA,-143.73658752441406,-2.072,False,NaN,0
9225,EETKEELKKKLEEAKALLELAKKKLGTGEEAVKIAEEAYKLAKETGKKAKEAGDEETAKKAAEVAFEAEKLAEEAAKKLK,-143.62161254882812,-2.253,False,NaN,0
10886,AERAALEAALAQAKADEAKYKALADAYAAEAEAYAAKAKADPANAKEYEKKAQAAKAKEAGAKEKAAQAAAKAAALEAKL,-143.50619506835938,-1.817,False,NaN,0
4990,LEENEKKLEEYLRELLEKEIEEAEKLFKEGNYEEAKVQYEIAKNLALLLGDEEKQKEIDKKLFEVEEKIVEEEKEKREKE,-143.1078338623047,-1.93,False,NaN,253
9253,KEEEKEKVKEEAAKRIAQLKALKEEATTGGAAKAAALKAAGDEEAAAKVEADTKAKVDTLDAEIAGTKKEEAEKIAELEK,-143.1075897216797,-2.131,False,NaN,0
10829,SEELKKKIEEAKAEAEKVAKEYEEKKKALAAEAEAKAKADPANADQYQKEYAEKSVEAEKEAKEKKDALLKKAEELEKKL,-143.0338592529297,-2.044,False,NaN,0
9135,EEKEKLKKEAEKAEEAAKKTKEELEKTKEEGTKKAEETKATVGEEEAKKVLAGTEATVAKLEKAYEGTKKAYEELKEKLK,-142.99786376953125,-1.963,False,NaN,0
4930,EEEIKKLLEEIDKLVEEIRELIKKIPVEDEEARQLLFEVDALREMARLAAKEGNLEEVKELLKKVKELLEKLKEKMEKEK,-142.77000427246094,-2.125,False,NaN,0
11433,NIEEIKKKALEAIKKYIEAKAEGKKEEAEKYKKEAVKYKEEALELVKKEYGEKAAEKLLTDIGHEYIKIKQEVEEAKKKS,-142.48086547851562,-1.952,False,NaN,0
7521,EKEKEKEKEKKLYEIAKELAELIKESKDNPEFREELGKAIIALYEGNYKAAIEHLKKAAKLAPEYKEKLEALAKELKELE,-142.4039306640625,-2.154,False,NaN,3168
2013,MEEEQKRQNRRQALAAKAKELDARAAELEKEAAELAAKEAAAEASGDEEKAKEYREARAEVEAEREETEAAAKKARAEAG,-142.35926818847656,-2.17,False,NaN,0
3490,ELEELKKEAEKILKKAKEVVEYIKKTGTPEKQKQASEIYDKIQKLYEEFKEAEKRGDLEKMKELLKQMKELLKELEKLAK,-142.29354858398438,-1.99,False,NaN,0
9180,AELEALKKAAEQAKLNLNDAEEGVKLATEAVEELEAEVKKNPEDKARKEALENAKKKLEALKADKAALQAERDALAAEIA,-142.24740600585938,-2.004,False,NaN,0
7600,AKEEELKQYSEELEKAKKELLEAEKLYIEKKDDPELQKKLKEKIEELRKKALELAKKIKELLAERRNEELEKIKKKLEEE,-142.03659057617188,-2.204,False,NaN,0
3406,AKKIEELKKQVEELEKKVAQTLKSGKLTPETEKLLKEAEKLKEELKKLLKEYKGKDKKTAEELKELLKRVEEIIRRLEEF,-141.98817443847656,-1.944,False,NaN,0
9335,AELKEKAAQLKEEAAGLEAGEKAYQAKAAEYKAKAEELAKKDKKAAEEAQRKAKQYEGQAQSYAGDAARAKAEAAALEAA,-141.89022827148438,-1.806,False,NaN,0
10247,SSTEKLKEYLKKAIEAAKKDKKEAKLYAEKAIKEAAKDPSISPEAALYLNDALDALVEGKTEEAEKYLTKALELLEKEAA,-141.78204345703125,-2.212,False,NaN,0
7539,KELKKELDKVRKEVAKEVLEVEEEAKKLLAEAEKKAKTLTPEERKEFMAKVEKEVKERLEKAYEKAIKKVLEAEKEAEEK,-141.6356964111328,-2.187,False,NaN,0
7527,MEKEKKEAEELEKEIEKKLEEAKKNIKDKEKAEKLINEAFELLKEYLEKLYKLGEYEKAEEILKKYTDEISSLLNSLKKK,-141.53863525390625,-2.202,False,NaN,0
3660,SVSLELLKELEEAKKRLKEILKEAKEDPSKKEELLKEAKKAKKELEEALKKIEKEAGIPEEEVKRIKEEAEKIVKEIEEL,-141.4320526123047,-2.208,False,NaN,0
9227,LEELEKKLAKTKEALAKAKEEAEGALKAAEELEKKAKEDPKNSEKLKKTAEEVRKNAENKLKGAEEAYAKTKAEYEAAKA,-141.39649963378906,-2.004,False,NaN,0
9181,KEKVEEAKKKLEEIGKEYGELKKEAEAKNAAAKEKAAAEGEEAAKKAQEIGAEMSKKLAEKSKEAKKAKEEYEKLKKEYE,-141.31488037109375,-1.951,False,NaN,0
7381,DEEKKKEIKELAEEIKKYIEENPEAFFQEADADLYDKALKIIKGELKDEDVDKLLEEAKKILEEAKKILEREKERKKKEE,-141.24378967285156,,False,NaN,0
10913,EEAVKKLLAEADEYGKEKTKEINELNNKALELRKKAKASSPEEAKKLNAEAEEYAKKAEELKKEQDKYGNEKYAEAEKLA,-141.12881469726562,-2.017,False,NaN,0
11070,NKKKEELLKKAEEYEEEAAKAYEAAAEALKKRQEYYALSFTDPSAAEKAKEYAKKEAELTKKAKELIAKAKEYRAKAAAL,-140.89788818359375,-1.971,False,NaN,0
8654,SEKEKKEEEKKKEEEKKKEEKKKEEEKEKKEYEENKEEIEKREEKVKEIREKLKKYSKNKEIQKKIREEAEEYTNELISS,-140.79541015625,-2.125,False,NaN,0
9367,SLEELLKELEEKKKAELAKEGEALMAKAKAANDKAGEAKALAAKTAADPAKAAALNAEAAAYDAEAAAYKAKADEIAKKL,-140.77093505859375,-2.163,False,NaN,0
8367,MEELEKLFKEAREKIEKSENKYRAAILAANEIALYFGIELTDELKELLKKLEEALKKGDEKEAKKYLEKLFEELKKLALE,-140.594970703125,-2.055,False,NaN,0
9069,SSLKKKLEEAKKLLEEAKKYKKGAEEAKKESEKYKAKAEETKSNPLLSAIYNAQSQNYDANANELEEKAKEKEEKAKELL,-140.57095336914062,-1.947,False,NaN,0
7522,DLDAKIAAAEAALAATLAKAKEIREKIDELIKTKGEEGKEEIDELLKKLEAASKAAEAAGNNITNLRKQKAEAEKKAKEE,-140.54124450683594,-2.154,False,NaN,0
9170,ASKAAEEELKKAKEAYEKAKENKDDVEKVAAYAAEASAAAESARNTAKASGKEEDKEKAKEAEKLAQEANDLYEKVKAEK,-140.51913452148438,-2.02,False,NaN,0
9252,SKLKEEAEKLKKEAAELAKKYKDKKALAKTYEDLYKAGAGEELKAKAKEAKAEAEKLGKESAEAAKKEEETKKELEKAEA,-140.51820373535156,-1.91,False,NaN,0
4293,NKAEELYNEIKKLYEESKEENKEKFQKLLDEANNLVSLLKDPDVSEDVKEEAEKALEKKLEEAKKIHEEEKKKEEEKKKE,-140.5003204345703,-1.968,False,NaN,0
9230,SKKEELEKKAKELAEEEKKYNDEAKALNAEEAALKEQAAASTPEEAAKLNAEAAAKGAEAGKALQKAAELEQKRRELIEE,-140.4351806640625,-1.946,False,NaN,0
10892,EEEKKKAELKAKAEELKKLAKKLKEIADAYKKKAAELKEKSKKEGGKYEYYAEAYEKRAKAYEESAKEAEALAKEYAAKA,-140.06045532226562,-1.98,False,NaN,0
7424,MKEYEELKKKLEAGELTEEELLEKLKELAEKGYVGEALVLAERYVKRHPESEEMKELLEELKKKFEELSKKLRAKSDAYL,-139.72467041015625,-1.885,False,NaN,0
3368,AELEEELAKLIKEAIKAIEEGDLEELKKIAEKIKKLGTERAKEAAKLLEKAIEAMENKEKKEELKKAIKELKKLAKEVEE,-139.41165161132812,-2.13,False,NaN,0
9228,SMAELEKIKEEAGKAIEEAKKAASELGALAGPEALAEFYKKINEAEELLKKDPEKGLEKAKEVLKEAKAARDAAKAAKAA,-139.27810668945312,-2.065,False,NaN,0
1839,SEKEEAIKEAKKKLEKAKELIEYVKKDKSLSKDEKIYLLSQAALEAGEAFEIAKPVDPELAKEAKELLEEALKLIKEELE,-139.22360229492188,-2.294,False,NaN,0
3577,AMEEELAKLKEEIKKAKEKADEALTKLGSKELAEAYKKYAELLEKIMEALKKGKKKEAKELKKKAKEAEKEAKELEKKLK,-139.0375213623047,-2.229,False,NaN,0
8658,SEKEKKEEEKKKEEEKKKEEKKKEEEKEKKEYEENKEEIEKREEKVKKIRELLKKYKDNEEIQKKIREEAEEYTNEMISS,-139.0176239013672,-1.921,False,NaN,0
11029,SPEEEKKKEKEKLKKALEEAKKKMEKYEKAAKEAEAKAKEALKEGNKKKAEEYLGKSENAKRKAEGYKKTAEEFQKKIEA,-138.9879150390625,-2.07,False,NaN,0
1966,MTEAQKARMQEHKDAMAADAEALAEDIEKKKEEMAEKEAQAAALEAEGKEAEAAALAAEIEEEKKEIQEMKELRAKLEAG,-138.86468505859375,-1.744,False,NaN,0
4782,KLETLEKEIKDSLGGESLFITTLREEGKTEEAEKLEKLLEERKKKIEELKKKGASLEEIEEEIKKYMEEINKLKKEILEK,-138.84588623046875,-2.136,False,NaN,0
9326,LQAELEAAKKERDEANKKALELEKKAKEAAAKSKELAEKAKKELEEAGKKGGEAGNNYKGAEAALAKAKAAAEAAAKALA,-138.6000518798828,-1.523,False,NaN,0
10823,EAEVAALKAKADEKKAAATAARAKSIEAEYLAKKSSPEEAKKLLEESKAYLEKAKELDAEAKAYEAKAKAAAKALEEKLK,-138.16873168945312,-1.96,False,NaN,0
8232,VKEEAEKNLKKLKEEVEKYIKDPDNGYNKAKNLLDVNIKYYEDKAKEYEEKDKEKAEIYKKAAEEVKKLKEEVEKEIKEK,-138.13818359375,-1.892,False,NaN,0
7416,RSRYEKLKKKLEEGEIDEEEFLKELRELAKEGLVLEALELAKIYVEKNPENEEAKALLKELEKKAEELTKELRAKSEKRL,-138.12400817871094,-1.983,False,NaN,362
9117,AADAAVDANIAAAEAANKGAKEAIEKGDIGKATEYVQGAENAVANAKKLATTEEQKKKAEELAKEAKENKKKVDELAAKK,-138.0120849609375,-2.127,False,NaN,0
10786,NPAEEAKKKLEEKQKEYEETTAEAEKEIAAAKAELAANKDDPALAEKYQAKINALQQSVTTSQKALDDAKAEADAIAAAE,-137.9844512939453,-1.905,False,NaN,0
8651,SEKEKKEEEKKKEEEKKKEEKKKEEEKEKKEYEENKEEIEKREEKVKKIRELLKKYKDNEEIQKKIREEAEEYTNELISS,-137.81781005859375,-2.004,False,NaN,0
10993,NLEEKIENAELQIKGYKKTIEQGEKEVKELEAKLANGKKLSPEEKAKAEEALKKTKEGIEKAKKNLAAAEAYKEELLKKI,-137.69155883789062,-2.119,False,NaN,0
9273,SELEKKAKELAKKAAELAKKYADLKALSKTYEDLYKKGEGEEAKKKAEEAKAEAEKVGKESAKAAEELEKTKKELAEAKA,-137.65524291992188,-1.907,False,NaN,0
10760,DLLKKADEVANEANKKVRELEEEAKKFEKEKEELGKKGTPELAKKLKEEAEKFKAEQEKKIKEVKEKADKEIKELLAKAK,-137.525390625,-1.996,False,NaN,0
3307,KLAEEKIKELEELMEKLVEELKKKGLEEMAKELEKIMTEMIEKLRKTVEEKKISEEELEKKIKEIKEKIEQMKKLAEKKL,-137.5075225830078,-2.069,False,NaN,0
10808,EKEKLKAAAEEALAAYNAAKAKLETVKAEADAKIAAAKELAKTDPEKAAAIIKAAKASVEKWEKAVAAAKEKYEKLKKLI,-137.4562225341797,-2.072,False,NaN,0
9276,KEEELKKIEEEAKKKGDEINEELKKKMGEIAAAKAAAEALKKEDPAAGAAALAAATAANKKATEEAKKKLKEIREKLEKE,-137.15078735351562,-1.789,False,NaN,0
11016,KLKEENEKEIKILEKKIKELKAQAEALKADAEALKAKGAASTPEEKKALDAKAAAYNAKADTLEANAKKLEKRIEELKKK,-137.0946044921875,-2.162,False,NaN,0
3288,MERELKELKERIEEKLKEMKELAERTLKDPSLLETLKKEAEKLIEELKELAKKYEELKEYCEKAAEEVKKLLEEVEKEIK,-136.89019775390625,,False,NaN,0
11072,KKEELLKKLEEAKKEYKAAKAEGEKKLTELKKAAEEAAKESPAKAAEAKAALKAAEAEYKAKLEEINKKIIELEEKVKEA,-136.8689727783203,-2.067,False,NaN,0
4231,DKVDELIKEAEELAKKAPEEIKPEVEKYLSELYFYASTYKDPNVPQEVKDEALKKMEELLKKIKELVEKAEKEKEEKEKK,-136.73300170898438,-1.957,False,NaN,0
11032,GKVEELEKKLAEAKKAAEDYKAAAEKYKAAAEEYAKTNPYLAAIEQDEANYAEGKALEAQNNADKYKKELDAAKAAEKAA,-136.5245361328125,-2.091,False,NaN,0
9154,SKKEELKKKIEEAKKKLEKAKEEAGKEAAALKERLKQAAKEGPEAAAKAQAELDKLREEATKKMNELNKKIKELEEEYKK,-136.13621520996094,-2.165,False,NaN,0
11040,MKKEDAAETYEKIAKAYEASAQQGKDAGDEQGAAAQAAKAYYYKAKAAELKGDKAKAAEYKAKAKAAKAKADALAAAKAA,-136.04931640625,-2.307,False,NaN,0
7464,MKKVEELKKKLEAGELTTEEFLAALKELAKEGYVSEAVILAKKYLKRHPENEAVKKLLEELEKEREKLEKELRAKSEARL,-135.94825744628906,-2.078,False,NaN,0
10888,EKLKKIEEVYKKAAEKISELKKKIDAAEKEYAAKAKAAKEAGDEKAAKEAEDKAKEITQEYLNKGAEIQKEAKEEIKKIE,-135.8855438232422,-2.094,False,NaN,0
9255,AKAALQAQLDAVAAEGAAKAGELAAEILKLREELEEAKENGTPEEAEAAKKKLAAKEEEMKKAIAEGSAKANALKAQAAA,-135.80587768554688,-1.898,False,NaN,0
11011,KKELEEKAKEYQAKAEAAKAKIAETGKETEAKVKALEAAGDKAGAAQAAKDGSAKIAALQGEANENQAKAEEYKELYKKA,-135.78311157226562,-2.092,False,NaN,0
10842,KEEELKKKIEEAEKKYKEKSTEIVNKYSAEGAAAKNVDEARAAFEKGKEELKKLGEEAKKETEKLKEEAKKAEKELKKKE,-135.61456298828125,-2.041,False,NaN,0
10845,SEEIQKVKEEAKKKIDELNKEASKKYQESGKYYREAGLASPEEAEKYLKKSAEAKNEADKLKEKAKEVEKEAQEKIEKLK,-135.4869384765625,-2.211,False,NaN,0
9072,SIKKEAEEKIAKIGEEAGKEIKKLKEEAEKEYAEYAKSEENKAKGDEALKKYAEKIAKIQREAQEKMEKVKKEAEEEIKK,-135.34043884277344,-2.138,False,NaN,0
3315,NAKKRKEIEEILERLKEKIKELEENSEKLEEIKEEVEKLLEELKKLLKKLEEDPDGMTQEELERARELLKKAEELLEKVK,-135.23919677734375,-1.774,False,NaN,0
9111,MEKVEEAKKELEKIGEEGGKKLKEAEEKNKKAKELAKKLGKEAEKKAAEIGAKEQKEVDEIRKKAEEAKEKLEKLEKEYK,-135.23863220214844,-1.708,False,NaN,0
9086,EELEKKIKEVKEKEKKELEELGKEGEEKKKEALAEGAKLTPEEGGKYAEEKIKEAEKEAGEKSEEVKKKAEEEIEELKKK,-134.89349365234375,-2.04,False,NaN,0
9104,KEAALALAEKILEEAQKKGSELLKKSEELGAKGAELKAKNPESAKEGEKLIAEGEELKKKGAEVGKKAEETKKAIEAAVA,-134.6835479736328,-1.683,False,NaN,0
7515,SKEEEKKKLNEKLEELSKEYKEAKKLYIENKENEKLKKELKEKIEELEKKMLELAKKIKELNAEEDNKKAEEIKKKLEEE,-134.64370727539062,-2.088,False,NaN,0
7516,AKEEELAKKNKELEELSKKREEALKLREKYKENKELSEKLEKEIEELEKKERELAKEIQEALAEELNAKAKEIEKKLKEE,-134.61729431152344,-2.071,False,NaN,0
9274,AAEALKAELEKVEAEGAKEAGELAKKILELKEKYEEAKKNGTKEEAEAAKKELAAAEKERAKKIAELSAKANALKAKLAA,-134.50990295410156,-2.073,False,NaN,0
9275,SEKEKLKKEAEKAKEKAAEYKKKAEEYKAKSKALVAKVKADPSDKEAEKKAEEAAKEAKAYEGGAEYYNKEAEELEKKLA,-134.12619018554688,-1.853,False,NaN,0
9177,EEELKKKIEEAEKKYKKLKEEKEKIIADAKKAAEEAAKDPKTAAEAEALYKETEAKQEADIKGAEENLEKIKKEAEEKLK,-134.00328063964844,-2.068,False,NaN,0
9169,SALEALKKKAEEAEAAAKGAEENLKKTEEDLKEAKAYAKELKAEGKEEEAEKIEKGAEKELEETKKRREELKKEYEELKA,-133.9770965576172,-2.062,False,NaN,0
11082,DVKETLANAKAYKAKADKYNAEAEAKNAAAKEKQAKGTPADKAEAEKLNAEAKYYQGLADKYNTNAKASEELAKKLAALS,-133.97235107421875,-2.045,False,NaN,0
10974,AEAAAKKADEYYALGKKYAAEGTLDSLQKAASYFKLAAEEYLKAAKLDPSKAAEYNAKAAEAEAKSKEAAEAAKKKAAEA,-133.87518310546875,-2.12,False,NaN,0
4797,SEKLEKLKKELQEKRKELMEKAKEAEKKGNKELYEKLVNLIQDVDSLLETLDSLSEEEREKRMKELEKREKELEEEIKKE,-133.83750915527344,-2.134,False,NaN,0
7578,SMAEEAEKKLEELLEKAAKAMVELEEALKNEPEKVEKLIEELKKLAKELKELGEKTGNEKALEAAKRVEGAIERAEQILK,-133.6282196044922,-2.23,False,NaN,0
9142,EKAKLLAEAEAYYKKAEEKKSEGSKIYGELTEKAKKLEKEGKKEEAEKALKEGEEKYKELNAEAGEYQGKADELKAKAAA,-133.09457397460938,-2.088,False,NaN,0
3639,ELDEEIEKEIKELKRLIKKGGEQEKQIKEAKRLLKLLEEKGASEEALEAAKKILELLKKGGEQEDIEKELKKLEKELEKE,-133.02587890625,-1.96,False,NaN,0
9254,AEKEAKAAALNAELEKLQAEVAELAKKRGEATAKADEAIGKGDEEAAKKYREEAGKYEKEMKEKIAKGTAKANEAKALKA,-133.01319885253906,-2.101,False,NaN,0
7497,STEEKLAQANKELEEAEKELKEAEKLLEENKDNPELKAKLEKKIEELKKKMKELAKEIEELSGPFENKRAEEELKKELEE,-132.7251739501953,-1.891,False,NaN,0
9231,AEKAAKAAELKAEEEKLQAELAEVAKKRGEAIYEADKAEGEGDKEKAEEYRKLAGEYEKKGAELAKKGTEAAKKAKELEA,-132.69253540039062,-2.015,False,NaN,0
10856,EEVEKIKEEYEKKAQQALDDYAKKGAEEAAKAATPEEAEAIKAAYAAKGKAEAAKIRQEGEEEAKKKEEELKKEEKKLKE,-132.5950927734375,-1.471,False,NaN,0
7406,KKEELNKKLEELSKKIIEVMKKIEEIKKKSGNEEAYKEVKEKVLTLFAEARKLIEEGKYEEAEKKLEEAEKIVEEAEKKE,-132.45521545410156,-1.952,False,NaN,0
4764,EKEKKELLEELEKMMKEIQELIKEAREKGDLDLEEKLIKLLREVDNVRWLVEKGEIEEAKKRLEELKKELKKIKEEMKKE,-132.2051239013672,-2.262,False,NaN,0
8217,EEEKWKEELKKKIIEELKKKIPSLKGLDINAIINLLFEEKDKEKAFEKLKDLIPKEDQEKLKEIIEKFYEERKKYEEEKK,-131.9118194580078,-1.868,False,NaN,0
9355,AEEAERAAALAKAKKIEEEAAKKQIELDKKASEYDGKAAKAKAAGDEETAAAYEKKAKEAKAKAAEVAKATEAEVAKIKA,-131.70321655273438,-1.97,False,NaN,0
9214,MEKELEEIKKKAGEALSEAEKAASELGALEGQEALAEFSKKIEEAKKLLKEDPKKGLELAKKVLEEAKKAAKAAKAAKAA,-131.61488342285156,-2.107,False,NaN,0
10992,EKEKLIENAIKEAQKILDNAKKEAAKVAKEYEEKAKASKDPAVAKELKEEGIKKGEEIVKKAKEEANALVEEAKKKAEEL,-131.57310485839844,-1.811,False,NaN,0
10982,EKAIEELKEEAIKESKKIKEEAEKKKEEAKKEGEKLGKEGDPEEAKKKAEEKIEEIDKEGKEKIKKKAEEYEKKIKEAKE,-131.35299682617188,-1.835,False,NaN,0
9163,ALKDAEKALKEAKKALEEAKKNKDDVEKVEEYAAKASAAANSARNTAKASGDEEIKKLAEEAEKYAEEANKLLEKVKAEK,-131.33065795898438,-2.193,False,NaN,0
9081,EKEKLEKLKEELLKKAAEKAEEGSKAYEEAGKLYVESDKAEAEGNKEKAEEYRKKAAEYTKKAKELTEETKKLLDEAKKL,-131.0717010498047,-2.249,False,NaN,0
9124,EEEKKKFEKELALRNAKSALASAEQLNAYAEKKFKEAEELLAKDPSKKEEAEKLKKEGEKAKEDAKKAKKGAEETLKAVE,-131.05435180664062,-1.957,False,NaN,0
10828,EKKKEELEKKAEEAKKGLENTKKQKEETLAKLQAEIEANAKDPEKKAEAEGKLKAAEAEYNASMANAQKEYEAAKKALEA,-130.87158203125,-1.997,False,NaN,0
7636,KVEEYKKEIEKLKKEIEKVKKTADKETAEKATKEYEKKIKELEEEAKKLEAEKTREEDKKAKEETKKKVEELLKKLKELE,-130.70034790039062,-1.954,False,NaN,0
7377,GGLKENLKDAKEKAAEYKKKAAELKATGKAEDKAKAAELEKKAAELEAKAKEIEAQLKADEKNQPNYDKDVKERAEKLKK,-130.42173767089844,-1.774,False,NaN,0
11042,VTEEQLQAANDARRAKVAAAEKAAKEKVAAAQKEAEELAKDPAKAAEAKKKLEDAKKEAGKLVKDTKDATDAEAAAVAAA,-130.26744079589844,-2.0,False,NaN,0
10826,ELEQKKADYETLAASYENAAAKAKASAEKLKAEAAEAAKTDPKKGAELNALAEAAEKKAAELQAKAEEAKAKAAEVAKQL,-129.77001953125,-2.271,False,NaN,0
9059,KEKKLEEVKKEAEKRIKALKEIQKEVEEGGKAKAEKLKAEGKEEEAKKVLENTEKKIETLKAEMEGVKKEEEKKIEELKK,-129.56692504882812,-2.188,False,NaN,0
9134,SERKEKIKELEEKYKEYKEKAGEYAQKAADYNGLAKEYEAKGDKEKADEAKAKAKEYGKKSLEYNKKAEEYKKKAEELKK,-129.5487060546875,-1.839,False,NaN,0
8333,EEKMKKIEELLEKAKKAVEEEKDAYKVKKYANEAMELMKELDPERKEEIEKKKEEINKLIDEGKLEEAIKLLEELYKELK,-129.5365447998047,-2.318,False,NaN,0
10890,KEELEKKAKELLEKSKEYEKKAEEAAKAADELNAKAKAAEKAGKDPTPYKNEAKKKEEESIKYLSLSAEYKKEATKLLIE,-128.9451446533203,-1.478,False,NaN,0
9151,KKAEELKKKAEELGKEEAKLVKEGKELAAKAKAAKEAGKEEEAKALAEKGQEVYKEAAKKYLEYGEAKDEYLREKLKELL,-128.7750701904297,-2.102,False,NaN,0
10916,ELEKEISKARSENAEAAKKAAEYKAEAEKTKKEAEETGSEELKAKAEELKAKAEEAAKKADELTKKAAELVAKYREEGKK,-128.3596954345703,-1.935,False,NaN,0
3713,EKEIEEKRERILAALKEFKEKGDKEAAKKIEEKIKEIEELEKKLKAAEKAGNKAKADELREKLKKAIEEALKLIEELKKK,-128.25723266601562,-2.3,False,NaN,0
4835,MEEKIKEIEKEIEKLEKEAKKLKKEGKTKEYLEKLREMLNLYQELLKLLLEKGAEDEKIEEVQNKIFQLDNEIELLKLKQ,-128.23355102539062,-2.044,False,NaN,0
9316,EEKKKLEEELLKAKGAYGAAIGGIGDARKALADAKKLAAEDPEKGKAEIAAAEAALKAAEAEAAKAKAKADELEAKLKEL,-128.20101928710938,-1.875,False,NaN,0
9055,SSLKKKHEEEVKKAEEEAKKKGEELQKEVEEKRKEAEEKAKKSGKEEVKEEMGKKVAEKKKEADEKGKKLKEEVEKLKKE,-128.20010375976562,-1.595,False,NaN,0
9165,SETKKEIEELNEKAKEYKLKAGEYAKKAADYKGKAKDYEEKGDKEKADAANKEAAEYGEKSLEYNKKAEEYKKKAEEKAA,-128.15126037597656,-1.955,False,NaN,0
10991,KEKEIEKLKAEAEKYNAKAKELNAKAALYKNEAEILEISGKDPEKAKKLKEEAKKYQAEAIEYQNKADELKKKAEELEKE,-128.1292724609375,-2.115,False,NaN,0
10909,KEKEKKIKELLEKSKEAKKKAEELEKKIKEAEEKAKEVKANGTEEKAKAVEEKAKKLEELYKIYKEKSKEYEKEAEELLK,-128.0366668701172,-1.944,False,NaN,0
9139,SEKEELKKEAEEAAKKAEEYKAKADEYKKKSDEYNAKYKADPSDKEAEKKGEEYGTLAKAYEGGAEYYTKKEKELKEKLA,-127.67677307128906,-2.086,False,NaN,0
7492,AEEVKKELAEEHAKAKEEIKKLEEEYKNASEEKKEELKKKIEEAKKKLEKLTNAGVAIVEAIEEGKSKEEIKAIAEKVIA,-127.12169647216795,-2.042,False,NaN,0
9450,AEERAKKAAELNAKANEAQGKANAAKKEAGKYEALAKATASIDAEKAAALKAEAAAKNAEAAKYNAEAAALKAQAAALAA,-127.10394287109376,-1.967,False,NaN,0
3397,SEKKELEKKLKELEKRIEKLEKEFKEALKKGDVKQLKEIADELEKLKKELEKFPSEEAKELAKRCEKLIKEAKEAAKKLE,-126.98214721679688,-2.216,False,NaN,0
10841,AALEELKKAKEELEEAKKKAEEAEKRLKSAKEKAAQLKKEGKDYSAAEATAKEYEANLKGWKEKAEELEKKAKELEAKLA,-126.8533935546875,-2.056,False,NaN,0
10809,KEELKKKAEEAEAKAKKLELKVKEAEDGIKKGKESMEEAGVPEEEKEKIIKELQKDKEELKKEAEEAKKKAEELKKKYEE,-126.28009033203124,-2.133,False,NaN,0
10776,KELLEKLLKKAKELAEEAEKKAEEAKKAEEEKLKALEEEAKKLAEADPSLTPEEALKIVEQKKADAELKESKAKLEKDLS,-125.68341827392578,-1.847,False,NaN,0
9137,EKELEEEIKKLEEKIAELGKKADEYKKKAEEYNALAKETASDPEKAKKLQEEAGKYAGKADEASKKAQEAKEKAEELKKK,-125.41303253173828,-2.099,False,NaN,0
11081,KKKEELKKKAKEIEEERKKESDKLTEERNKYENEAGLLERKGGPKEEIDAAKKKAKDTYEEREKKEEELKKKLEELKKEA,-124.96826171875,-2.056,False,NaN,0
10937,AEAEKLKAEADKLIADANAQANALNSQAAALYGQGLKGTPEEGKKLNAQGDALKAQATALKKAAEEQAAALKAKAEELAA,-124.96185302734376,-1.92,False,NaN,0
9290,ETEEKIKKLEEEAKLYQGLAEGKKGESAGYAAKAKEAKAAGKEEEAKAYEEAAKGAQAEAEKYKAIADKKKEEAEALKAK,-124.72908020019533,-2.14,False,NaN,0
9085,EEAKKKAEELAKEGAKVYEEAKKEMDELGKKAKEYEELGKEKGEEYLKKAEEYKEKSKKVYEEMKKKLDELGKEAKAVLA,-124.32632446289062,-2.022,False,NaN,0
9351,SLAKLEETKKKIAELKEKAKAAQAAAGAYAGAAQAYTAAAKRTGSKELQDKADEANAKAAEYAAKAAEYEAKAAELEAKA,-124.27366638183594,-2.018,False,NaN,0
3620,EMEKLKKELEKLKKEIEKVYEEIKKTKTPEDVKKAEKLVERAKKLVKEFEEALKEGNMKKMKELLKELKKILEEMKKLYE,-123.90188598632812,-2.128,False,NaN,0
10852,EEEIKKLLEEAKEYKAKAEEYKKKAEEYAKKANETLAKDGSAEAKAKAEELFKKAKEYENKSAEYLAKATEYEIKAEELK,-123.72496032714844,-2.083,False,NaN,0
9319,KEELAKAAEEAKAKAEEYNAKAKEYGDKAGAYNAKAAADPANKADYLAKANAYNALADAYNGKAAEANRKAEELKAKLEK,-123.37464141845705,-2.026,False,NaN,0
10996,KLEELKEKAKEYKKKAEELKKKAEEVAKEGKALAEKYKDNPEKAKKALEEAKAKADKLNEERKKALEKYKEAEDKYKELS,-123.13810729980467,-2.032,False,NaN,0
10910,MEEEKKKLLEKAEEWLKRAERLKEEAKEAEAEAEKLAKLAEKDPKYKAQAEAAKKYAKELKEKAKIIEEKAKELIEKVKK,-123.08126068115234,-2.237,False,NaN,0
10911,AEEKEKKLDELAKKAAEAKAEAEKAQAEANEYKKKAEENAANPELKAALLAKAKEAEEKAKEYKAKADELAAKAEALAKS,-122.80646514892578,-2.146,False,NaN,0
10983,LTEEEKEKVKEELKKLEEEAEKEKKEAEKYESEGRKLDEEAKKSGSAELAAKAEEYFKKAQEHYDKYGELLKKARELKKL,-122.61881256103516,-1.988,False,NaN,0
9272,SKEIEEKAKELEEKAKEARKKAQELGDQASAYTTLAEKAKAAGDAAKAAEYNAKAGEAGAELAKAGAEAKEYEKKAEELK,-122.2063446044922,-1.926,False,NaN,0
9145,EEKLKKEIEEAEKKLEKLKKEKEEIIAGSKAAAEKAAADPKTAAEAKKLYEETKKKQEDAIKGAEENLEKIKKEAEEKLK,-121.4882583618164,-2.038,False,NaN,0
9185,EKEKLKKLAKEYEEKALEYGKEAEEYKAKAAEYAAKAAADPAKKAEYDAKRDELNKKANELELKAREYVEKSKKYKELAE,-121.40345001220705,-2.125,False,NaN,0
9434,AATEAKAAELAAKAAELGAQGAALNAQAKAAGDKAKAADAAGKKAEADAYAAKAAELKAQADAVGAEAGAARKQAAELLA,-121.330078125,-2.017,False,NaN,0
10797,SSELEKLLEELLKKLKELLEELLKKILEELKKFAEKAKEEGKEEALKREKIEEEAKKEAEKLKEEKEKKEKEKELEKLLK,-121.0405044555664,-1.573,False,NaN,0
9206,EKEEERKKKAEELLKEAEELAKKGAELNKKAAELAGKGELSTPEEGAKYNAEAAKLNAEAKELGEEAKKKEEEAKKLLEE,-120.3419418334961,-2.08,False,NaN,0
9376,AEKAKKEIEALAAKTAAANKALAEAKAEAGKLATEGEALKAAGKKAEGDAKIAEGQKAVAAAKEEAGKVGAEEEAAKKAA,-120.00572967529295,-1.796,False,NaN,0
7634,KVKELEEEIKKLKKEKEEAKKTLSPEEYKKKSKELDEKIKKAEEELKKAKQKENEEEDKKSLEKAAEEVKKLKKLLKELL,-119.4210433959961,-1.917,False,NaN,0
10769,SLKELEEKKKQEELLAKAAEYEGKAKEYKKKAGEYEKKAKEAAKTNKAEAEKYKALADEYNAKAKEYNAKAEAYRAEAKA,-119.41480255126952,-1.981,False,NaN,0
7333,EEKIKELKKKVEELKEELIKKEQEVKELKKDYEEEKAKPTANPETLKALEKAMKEAEKKAEELKKELEKAEKELKKLLEK,-119.04916381835938,-2.243,False,NaN,0
3646,AAAKKEAKKLLKKAEELLKKLEKAIKKGDLEKAKELLKKAEKVLKKAKELVKKVGDAELKKELEKLEKRLEELKKRIKEK,-118.99425506591795,,False,NaN,0
10834,KEEIEKKKEELKKEAEHYENLVKELEKGIETLKKLAEEAKKDPSSQEAAKKLEELEKQAKEDKKLAEEKLKKAKEEYEKL,-118.33818817138672,-2.03,False,NaN,0
10812,GTKEKIEELLKKAEEYEAKAKEYQAKASEYYKKAGEAYVSDPSNKETINALLKKAEEYNKKATEYEEKSKEYKAKAEELK,-118.31169128417967,-2.022,False,NaN,0
9191,EEEKIKELKKKIEELEKKAKEYEALAGAYYGAAQAYTAKAKATGSKEYADKAKEADAKSKEYAKKAEEYKKEAEELKKKL,-117.15423583984376,-2.172,False,NaN,0
8880,AEKEKEEAERRRKEEEAKEEEKAKAEKAKKEAEEAAEKAKKEKEDAEKTKKESIKSSLDNYKREKAVAEAKERERKEREL,-115.4695816040039,-1.712,False,NaN,0
10878,SAAEKEAEKAEAEAEKALAEAKAAEAKAAEAALKAKEAEKKGDKEAAAEYNAKAAEYKAKADAYADKAKELKEKAKKLKA,-115.13922119140624,-2.157,False,NaN,0
9298,AEAAEKAALEAKAAAIEKEGKEKQIKLDKEASEYDGKAAEAEAAGKKEEAKAYKAKAEEKKKEAEKVAKETEKKIAEIKA,-115.09413146972656,-1.867,False,NaN,0
10859,LEEKLKAAKEERDKAKAEADALKAELAAKEAELKAAGASQAEIDAAKAALEEKIAEANKKAGKADIEYSEYKKELEKEKK,-114.82472229003906,-2.047,False,NaN,0
11004,MLKKSLLEKAEEYEKQAKAYEEAAKEGEKEAEKAVKELEEKGAPKEEIEKLKEENKKSIEKLKADAEAYKKKSEEYKKKA,-114.32223510742188,-2.122,False,NaN,0
9061,EKEELLKKAEEYTKEGEELSKEKDKVEKEGKEKIEKLKKEGASEEEIKKVQEEVDKKSNELDEKAKEAGKKAKELLEKAK,-113.84901428222656,-2.066,False,NaN,0
7566,MSEVEELKKKVEEGSLSKEEVIEKVRELAEKGYVLEAKEIATIAVKKNPEDEELKELLKELEEKAKELSEKLREESEKRL,-112.946533203125,-2.073,False,NaN,0
9286,AAAKAAAEKAAALKAEAEKYKEGAKEAAAQAKQYEALAKQTASNPQLAAQYQAQAQNYNANANELNKKAEEAEAKAKALA,-112.5434799194336,-2.005,False,NaN,0
9291,KKEELKKKAEEAKKKALELGKEAEEKQKKAAEYAAKAAADPATKAEYEAKQAELNKEANELEQKAREAVEEAKKYEKEAK,-111.44213104248048,-2.004,False,NaN,0
4978,MEEIEKKLKEKLEEASKLIEEYAKIELEIQELKEKEKNGEEVSKEKIEELKKKAEELKKKAVELEEEIEKEKEKLKKELA,-110.89598846435548,-2.002,False,NaN,0
9226,EELKKKAEEYEALAKEYLAKSQEYAGKAAEYLNLAKENPENKEEYLAKANEYAAKAGEYAAKAKEAADKAAELKEKYEKS,-110.50631713867188,-1.91,False,NaN,0
7496,EKELEELKKKVEELKEKVELLKQEYEKLLKDYEEEKKNPFADPETLEKLKKLAEETKKEYEKAKKELEEAKKKYEEALKK,-110.05052947998048,-2.025,False,NaN,0
10963,ALAAALAALEEAKKKAEELKKEAEKLEEEAAKLYEKAGELNKLAGEAPPEKAKEYAEKAVEYQKKANELIAKANELKAKL,-110.02229309082033,-1.905,False,NaN,0
10849,MTPEEKEAKAKAEELKKEGEKLGEERAKKAKELQEKIEELKKKGGSEEEIKAAEEEIAKATKEATEKGKELEKKAKEELA,-109.9540786743164,-2.12,False,NaN,0
9167,SELEKLKKELKEAEENYKAAKEGAEKYKKLYEEAKKAAEEKGEEEKLKAEEYEKKYEEAKKNAEEEKKKAEELEEKIKKL,-108.10458374023438,-2.23,False,NaN,0
9110,FEKEIKEKLEEAGKLGGEAEKLKKEADEYYKKAKELEKEGKKEEAAELKAKGEELGKKAKELKEKADKIAKEAEKLKKSY,-107.85572814941406,-2.214,False,NaN,0
3313,MEEEAKKLLEKAKKLMEEAEKYLKEGKLEEAKKQLEEAKKVIKKLEELAKKLTKEIQEEVKKLKKKLKEMEKKLKKLEEE,-107.67652893066406,-1.486,False,NaN,0
10850,ETEKKIKELEEKSGEYSKKAEEYKAKAAEAAAEAKKAEAAGDKAKADKLNAKAKEYDAKAKEYKEKSLKAYEEAEKLKKE,-106.27800750732422,-2.088,False,NaN,0
3479,SEEKLKELLEKAKEAEKEAEELIKKGDLEKAKAKLEKLAQLLEEAAKLSKDEEEKRRLEEKRKEALEKAKEIAERIKKEK,-105.802490234375,-2.116,False,NaN,0
9161,SKLKEEAKKLEEKAKELGEEAAKKKEESKKLAEEAKKSKDKEEKEKLLKKAAEKSKEAEELRKKAEEYKKEAEKLKKEYK,-105.69915008544922,-1.943,False,NaN,0
9150,LKEKEEELKKTKEDYENAKKEAEGAKKAAEELKKKAKEDPENKEELEKKAKEVEENAENKLKGAKEAYEKTKAAYEKAKA,-104.44387817382812,-2.129,False,NaN,0
9364,EEKKRKEEAEKALKEAAELAAKAKEAAAEAGKYGKAAEAAKADPAKKAELDAKAKELAAKAAQLEKEAQEKLKKAEELKK,-98.6580047607422,-1.971,False,NaN,0
3597,AKLEEELKELEKELKELEKKAKELGFPIKPLIKKLKELLEKAKKALKEGDKKKAEELLKEAKELLEELKKELEKLEKELA,-98.28179168701172,-1.922,False,NaN,0
8165,MEIEELKKKALEALEKAKKDKENFEDYAKSAEYYLKKAEELAKEKGAPKEVLEELEKLKKELEELKKKREKEEKEKKELE,-97.56309509277344,-2.075,False,NaN,0
9172,SELLEEAKKLEEEAKKLGEEAAKLKKESDELAEKAKKSKDKEEAKKLQEEAAEKSKEAQEKSKKAEELKKKAEELKKKYK,-86.22244262695312,-2.058,False,NaN,0
9533,MLKGDIEAAEYLVKKYKDDPKKQAEAQKKLDEYKAKAKEPFGPLKGDIEAAEYLVKKYKDDPKKQAEAQKKLDEYKASAG,-60.85124588012695,-2.251,False,NaN,0
9811,MLKGEIEAYELIKKEAEELAEKGETEKAKALIERAKDQGPGITKGEIEAYELIKKEAEELAEKGETEKAKALIERASGGG,-60.40581893920898,-2.067,False,NaN,0
9727,MLKGEIEAKELILKEAEELKKEGKTEEAEARIKRALAQKDAVTKGEIEAKELILKEAEELKKEGKTEEAEARIKRVTGGG,-60.26415252685547,-1.912,False,NaN,0
9526,MLKGDIEAYKYLVEKYKDDPEKQAEAQKKLEEALAKAKEPSPLTKGDIEAYKYLVEKYKDDPEKQAEAQKKLEEALASAG,-60.05870056152344,-2.214,False,NaN,0
9708,MLKGEIEAYELIKKEAEELAEKGETEKAKALIERAKNVGPGTTKGEIEAYELIKKEAEELAEKGETEKAKALIERASGGG,-59.84737777709961,-1.962,False,NaN,0
9790,MLKGDIEAYKYLVEKYKDDPEKQAEAQKKLEEALANAKKSYGYTKGDIEAYKYLVEKYKDDPEKQAEAQKKLEEALASAG,-58.88500213623047,-2.101,False,NaN,0
9739,MLKGDIEAYEYLVEKYKDDPEKQAEAQKNLEKAKAEKGAPVPTKGDIEAYEYLVEKYKDDPEKQAEAQKNLEKAKASAGG,-58.81460952758789,-2.163,False,NaN,0
9531,MLKGDIEAYKYLVEKYKDDPEKQAEAQKKLEEALANASKPSPLTKGDIEAYKYLVEKYKDDPEKQAEAQKKLEEALASAG,-58.53294372558594,-2.24,False,NaN,0
9600,MLKGDIEAYKYLVEKYKDDPEKQAEAQKKLEEALAKAKEKSPLTKGDIEAYKYLVEKYKDDPEKQAEAQKKLEEALASAG,-58.37797927856445,-2.028,False,NaN,0
9724,MLKGEIEAYELIKKEAEELAEKGETEKAKALIERAKNQGPGITKGEIEAYELIKKEAEELAEKGETEKAKALIERASGGG,-58.3064079284668,-1.983,False,NaN,0
9589,MLKGDIEAYEYLVEKYKDDPEKQAEAQKNLEKAKADADKNPLTKGDIEAYEYLVEKYKDDPEKQAEAQKNLEKAKASAGG,-58.059814453125,-2.217,False,NaN,0
9543,MLKGDIEAYEYLVEKYKDDPEKQAEAQKNLEKAKAEKGAPTPTKGDIEAYEYLVEKYKDDPEKQAEAQKNLEKAKASAGG,-57.93437957763672,-2.203,False,NaN,0
9809,MLKGEIEARELILEEAKKLAEEGKEEEAKALIERAKKIKSGTTKGEIEARELILEEAKKLAEEGKEEEAKALIERVNGGG,-57.77439880371094,-2.244,False,NaN,0
9656,MLKGDIEAYKYLVEKYKDDPEKQAEAQKKLEEALANAKKPLPYTKGDIEAYKYLVEKYKDDPEKQAEAQKKLEEALASAG,-57.652618408203125,-2.296,False,NaN,0
9748,MLKGEIEARELILEEAKKLAEEGKEEEAKALIERAKKVKGGITKGEIEARELILEEAKKLAEEGKEEEAKALIERVNGGG,-57.067230224609375,-2.153,False,NaN,0
9546,MLKGDIEAYKYLVEKYKDDPEKQAEAQKKLEEALAGTKKKGAVTKGDIEAYKYLVEKYKDDPEKQAEAQKKLEEALASAG,-56.5298957824707,-2.103,False,NaN,0
9779,MLKGEIEAKELILKEAEELKKEGKTEEAEARIKRAKAAKNATTKGEIEAKELILKEAEELKKEGKTEEAEARIKRVTGGG,-56.49008560180664,-2.185,False,NaN,0
9559,MLKGDIEAAEYLVKKYKDDPKKQAEAQKKLDEYKATKKHGVTKGDIEAAEYLVKKYKDDPKKQAEAQKKLDEYKASAGGG,-56.40956878662109,-2.173,False,NaN,0
9721,MLKGDIEAYKYLVEKYKDDPEKQAEAQKKLEEALAKKDEPYGYTKGDIEAYKYLVEKYKDDPEKQAEAQKKLEEALASAG,-56.26863479614258,-2.105,False,NaN,0
9544,MLKGEIEAKELILKEAEELKKEGKTEEAEARIKRAKAVKPALVKGEIEAKELILKEAEELKKEGKTEEAEARIKRVTGGG,-56.26102828979492,-2.127,False,NaN,0
9653,MLKGDIEAAEYLVKKYKDDPKKQAEAQKKLDEYKAKKSFGVTKGDIEAAEYLVKKYKDDPKKQAEAQKKLDEYKASAGGG,-56.17272186279297,-2.245,False,NaN,0
9563,MLKGDIEAYKYLVEKYKDDPEKQAEAQKKLEEALAGKDKPSALTKGDIEAYKYLVEKYKDDPEKQAEAQKKLEEALASAG,-56.07443237304688,-2.08,False,NaN,0
9569,MLKGDIEAYKYLVEKYKDDPEKQAEAQKKLEEALANKNKPLGYTKGDIEAYKYLVEKYKDDPEKQAEAQKKLEEALASAG,-56.013580322265625,-2.086,False,NaN,0
9512,MLKGDIEAYEYLVEKYKDDPEKQAEAQKNLEKAKANANKNPLTKGDIEAYEYLVEKYKDDPEKQAEAQKNLEKAKASAGG,-55.968692779541016,-2.183,False,NaN,0
9554,MLKGDIEAAEYLVKKYKDDPKKQAEAQKKLDEYKATKKYGVTKGDIEAAEYLVKKYKDDPKKQAEAQKKLDEYKASAGGG,-55.74985122680664,-2.182,False,NaN,0
9537,MLKGDIEAYKYLVEKYKDDPEKQAEAQKKLEEALAGKNKKGAVTKGDIEAYKYLVEKYKDDPEKQAEAQKKLEEALASAG,-55.693885803222656,-2.027,False,NaN,0
9598,MLKGDIEAAEYLVKKYKDDPKKQAEAQKKLDEYKANAKKAYGPLKGDIEAAEYLVKKYKDDPKKQAEAQKKLDEYKASAG,-55.65616607666016,-2.23,False,NaN,0
9612,MLKGDIEAYKYLVEKYKDDPEKQAEAQKKLEEALANKGTSYLKGDIEAYKYLVEKYKDDPEKQAEAQKKLEEALASAGGG,-55.64769744873047,-2.161,False,NaN,0
9529,MLKGDIEAAEYLVKKYKDDPKKQAEAQKKLDEYKAKSKYGVTKGDIEAAEYLVKKYKDDPKKQAEAQKKLDEYKASAGGG,-55.59405517578125,-2.227,False,NaN,0
9592,MLKGDIEAYKYLVEKYKDDPEKQAEAQKKLEEALAGKDKKSALTKGDIEAYKYLVEKYKDDPEKQAEAQKKLEEALASAG,-55.33796691894531,-2.065,False,NaN,0
9579,MLKGEIEAYELIKKEAEELAEKGETEKAKALIERAANVKPGITKGEIEAYELIKKEAEELAEKGETEKAKALIERASGGG,-55.2025032043457,-2.009,False,NaN,0
9601,MLKGDIEAYKYLVEKYKDDPEKQAEAQKKLEEALAGKTKKGAVTKGDIEAYKYLVEKYKDDPEKQAEAQKKLEEALASAG,-54.84074783325195,-2.097,False,NaN,0
9514,MLKGDIEAYKYLVEKYKDDPEKQAEAQKKLEEALANPSKRAVIKGDIEAYKYLVEKYKDDPEKQAEAQKKLEEALASAGG,-54.576080322265625,-2.113,False,NaN,0
9628,MLKGDIEAYKYLVEKYKDDPEKQAEAQKKLEEALAGTKKDGVIKGDIEAYKYLVEKYKDDPEKQAEAQKKLEEALASAGG,-54.43584060668945,-2.177,False,NaN,0
9525,MLKGDIEAYEYLVEKYKDDPEKQAEAQKNLEKAKATKSYGPLKGDIEAYEYLVEKYKDDPEKQAEAQKNLEKAKASAGGG,-54.327762603759766,-1.771,False,NaN,0
9705,MLKGEIEAYELIKKEAEELAEKGETEKAKALIERAKNVKPGITKGEIEAYELIKKEAEELAEKGETEKAKALIERASGGG,-54.259952545166016,-1.962,False,NaN,0
9627,MLKGDIEAAEYLVKKYKDDPKKQAEAQKKLDEYKAKKKFGVTKGDIEAAEYLVKKYKDDPKKQAEAQKKLDEYKASAGGG,-54.104434967041016,-2.184,False,NaN,0
9574,MLKGDIEAYKYLVEKYKDDPEKQAEAQKKLEEALATKKRGYLKGDIEAYKYLVEKYKDDPEKQAEAQKKLEEALASAGGG,-54.00498962402344,-2.018,False,NaN,0
9686,MLKGDIEAYKYLVEKYKDDPEKQAEAQKKLEEALAGTKKDGLIKGDIEAYKYLVEKYKDDPEKQAEAQKKLEEALASAGG,-53.89420318603516,-2.119,False,NaN,0
9572,MLKGDIEAAEYLVKKYKDDPKKQAEAQKKLDEYKANASKAPAPLKGDIEAAEYLVKKYKDDPKKQAEAQKKLDEYKASAG,-53.72345733642578,-2.206,False,NaN,0
9746,MLKGEIEAKELILKEAEELKKEGKTEEAEARIKRAKESKEATVKGEIEAKELILKEAEELKKEGKTEEAEARIKRVTGGG,-53.54540252685547,-2.177,False,NaN,0
9562,MLKGDIEAYEYLVEKYKDDPEKQAEAQKNLEKAKANKEAPTPTKGDIEAYEYLVEKYKDDPEKQAEAQKNLEKAKASAGG,-53.16881561279297,-1.786,False,NaN,0
9527,MLKGDIEAYKYLVEKYKDDPEKQAEAQKKLEEALANKKDGTIKGDIEAYKYLVEKYKDDPEKQAEAQKKLEEALASAGGG,-53.16401290893555,-1.996,False,NaN,0
9588,MLKGDIEAYKYLVEKYKDDPEKQAEAQKKLEEALANKKSGTIKGDIEAYKYLVEKYKDDPEKQAEAQKKLEEALASAGGG,-53.0780029296875,-1.908,False,NaN,0
9714,MLKGDIEAYKYLVEKYKDDPEKQAEAQKKLEEALANKSSGTIKGDIEAYKYLVEKYKDDPEKQAEAQKKLEEALASAGGG,-52.9759407043457,-2.181,False,NaN,0
9516,MLKGDIEAYKYLVEKYKDDPEKQAEAQKKLEEALANKNKKPPYTKGDIEAYKYLVEKYKDDPEKQAEAQKKLEEALASAG,-52.91587829589844,-2.231,False,NaN,0
9521,MLKGDIEAYKYLVEKYKDDPEKQAEAQKKLEEALADPSKEAVIKGDIEAYKYLVEKYKDDPEKQAEAQKKLEEALASAGG,-52.6211166381836,-2.213,False,NaN,0
9675,MLKGDIEAYKYLVEKYKDDPEKQAEAQKKLEEALANAGKPGPLTKGDIEAYKYLVEKYKDDPEKQAEAQKKLEEALASAG,-52.40019226074219,-2.231,False,NaN,0
9505,MLKGDIEAAEYLVKKYKDDPKKQAEAQKKLDEYKAKAKEKDKPLKGDIEAAEYLVKKYKDDPKKQAEAQKKLDEYKASAG,-52.05380630493164,-2.325,False,NaN,0
9504,MLKGDIEAAEYLVKKYKDDPKKQAEAQKKLDEYKANAKKKDKPLKGDIEAAEYLVKKYKDDPKKQAEAQKKLDEYKASAG,-51.70245361328125,-2.145,False,NaN,0
9564,MLKGDIEAYKYLVEKYKDDPEKQAEAQKKLEEALANKSTSYLKGDIEAYKYLVEKYKDDPEKQAEAQKKLEEALASAGGG,-50.84487915039063,-2.189,False,NaN,0
9552,MLKGDIEAAEYLVKKYKDDPKKQAEAQKKLDEYKAKKKLGYLKGDIEAAEYLVKKYKDDPKKQAEAQKKLDEYKASAGGG,-48.53981399536133,-2.353,False,NaN,0
9553,MLKGDIEAYKYLVEKYKDDPEKQAEAQKKLEEALANKKEGTLKGDIEAYKYLVEKYKDDPEKQAEAQKKLEEALASAGGG,-48.228763580322266,-2.145,False,NaN,0
9515,MLKGDIEAYKYLVEKYKDDPEKQAEAQKKLEEALADPSKQATLKGDIEAYKYLVEKYKDDPEKQAEAQKKLEEALASAGG,-48.14726257324219,-2.264,False,NaN,0
9538,MLKGDIEAYKYLVEKYKDDPEKQAEAQKKLEEALANPEKEATLKGDIEAYKYLVEKYKDDPEKQAEAQKKLEEALASAGG,-47.62749099731445,-2.179,False,NaN,0
9607,MLKGDIEAYEYLVEKYKDDPEKQAEAQKNLEKAKATKDKNVLLKGDIEAYEYLVEKYKDDPEKQAEAQKNLEKAKASAGG,-47.49502182006836,-1.637,False,NaN,0
9534,MLKGDIEAAEYLVKKYKDDPKKQAEAQKKLDEYKANAGKAPSPLKGDIEAAEYLVKKYKDDPKKQAEAQKKLDEYKASAG,-46.87243270874024,-2.224,False,NaN,0
9518,MLKGDIEAYKYLVEKYKDDPEKQAEAQKKLEEALAGTKKDGVLKGDIEAYKYLVEKYKDDPEKQAEAQKKLEEALASAGG,-46.85901641845703,-2.221,False,NaN,0
9507,MLKGDIEAYKYLVEKYKDDPEKQAEAQKKLEEALANPEKQPVLKGDIEAYKYLVEKYKDDPEKQAEAQKKLEEALASAGG,-46.48899459838867,-2.193,False,NaN,0
9785,MLKGDIEAYKYLVEKYKDDPEKQAEAQKKLEEALANKSSSTLKGDIEAYKYLVEKYKDDPEKQAEAQKKLEEALASAGGG,-46.41780853271485,-2.149,False,NaN,0
9647,MLKGDIEAYEYLVEKYKDDPEKQAEAQKNLEKAKAESSKNVLLKGDIEAYEYLVEKYKDDPEKQAEAQKNLEKAKASAGG,-46.06266784667969,-1.989,False,NaN,0
9528,MLKGDIEAYKYLVEKYKDDPEKQAEAQKKLEEALANPEKEPVLKGDIEAYKYLVEKYKDDPEKQAEAQKKLEEALASAGG,-46.01935958862305,-2.221,False,NaN,0
9616,MLKGDIEAAEYLVKKYKDDPKKQAEAQKKLDEYKAGTKKDGVLKGDIEAAEYLVKKYKDDPKKQAEAQKKLDEYKASAGG,-46.0069580078125,-2.282,False,NaN,0
9719,MLKGDIEAYKYLVEKYKDDPEKQAEAQKKLEEALADGSKEAVLKGDIEAYKYLVEKYKDDPEKQAEAQKKLEEALASAGG,-45.85203552246094,-2.114,False,NaN,0
9540,MLKGDIEAYKYLVEKYKDDPEKQAEAQKKLEEALAKQKDGVLKGDIEAYKYLVEKYKDDPEKQAEAQKKLEEALASAGGG,-45.13253784179688,-2.153,False,NaN,0
9789,MLKGDIEAYEYLVEKYKDDPEKQAEAQKNLEKAKATAAKNPVLKGDIEAYEYLVEKYKDDPEKQAEAQKNLEKAKASAGG,-45.12076950073242,-2.069,False,NaN,0
9519,MLKGDIEAAEYLVKKYKDDPKKQAEAQKKLDEYKANKSKVNVLKGDIEAAEYLVKKYKDDPKKQAEAQKKLDEYKASAGG,-45.02675628662109,-2.226,False,NaN,0
9568,MLKGDIEAAEYLVKKYKDDPKKQAEAQKKLDEYKAGTKKDPVLKGDIEAAEYLVKKYKDDPKKQAEAQKKLDEYKASAGG,-44.94301986694336,-2.246,False,NaN,0
9517,MLKGDIEAAEYLVKKYKDDPKKQAEAQKKLDEYKANKDKVAVLKGDIEAAEYLVKKYKDDPKKQAEAQKKLDEYKASAGG,-44.87794876098633,-2.297,False,NaN,0
9532,MLKGDIEAAEYLVKKYKDDPKKQAEAQKKLDEYKANKSKVDVLKGDIEAAEYLVKKYKDDPKKQAEAQKKLDEYKASAGG,-44.85432052612305,-2.244,False,NaN,0
9810,MLKGDIEAYKYLVEKYKDDPEKQAEAQKKLEEALANKSSGVLKGDIEAYKYLVEKYKDDPEKQAEAQKKLEEALASAGGG,-44.50700759887695,-2.12,False,NaN,0
9669,MLKGDIEAYKYLVEKYKDDPEKQAEAQKKLEEALANKSSTLLKGDIEAYKYLVEKYKDDPEKQAEAQKKLEEALASAGGG,-44.44710540771485,-2.194,False,NaN,0
9567,MLKGDIEAAEYLVKKYKDDPKKQAEAQKKLDEYKANKSKVSVLKGDIEAAEYLVKKYKDDPKKQAEAQKKLDEYKASAGG,-44.376731872558594,-2.212,False,NaN,0
9510,MLKGDIEAAEYLVKKYKDDPKKQAEAQKKLDEYKANKDKVDVLKGDIEAAEYLVKKYKDDPKKQAEAQKKLDEYKASAGG,-44.30242156982422,-2.198,False,NaN,0
9530,MLKGDIEAYKYLVEKYKDDPEKQAEAQKKLEEALADPSKEAVLKGDIEAYKYLVEKYKDDPEKQAEAQKKLEEALASAGG,-44.28346252441406,-2.265,False,NaN,0
9541,MLKGDIEAAEYLVKKYKDDPKKQAEAQKKLDEYKANKEKVDVLKGDIEAAEYLVKKYKDDPKKQAEAQKKLDEYKASAGG,-44.24703979492188,-2.144,False,NaN,0
9560,MLKGDIEAYKYLVEKYKDDPEKQAEAQKKLEEALANPDKEAVLKGDIEAYKYLVEKYKDDPEKQAEAQKKLEEALASAGG,-43.63346099853516,-2.182,False,NaN,0
9509,MLKGDIEAYKYLVEKYKDDPEKQAEAQKKLEEALANPAKEAVLKGDIEAYKYLVEKYKDDPEKQAEAQKKLEEALASAGG,-43.10092544555664,-2.309,False,NaN,0
9524,MLKGDIEAYKYLVEKYKDDPEKQAEAQKKLEEALANPEKEAVLKGDIEAYKYLVEKYKDDPEKQAEAQKKLEEALASAGG,-43.096435546875,-2.156,False,NaN,0
9766,MLKGDIEAYEYLVEKYKDDPEKQAEAQKNLEKAKAEAEKEAVLKGDIEAYEYLVEKYKDDPEKQAEAQKNLEKAKASAGG,-42.6081428527832,-2.185,False,NaN,0
2256,MMKQQAKTLAEEAAELEAKAEELQAEADKLRAEQKESGQPQENVEVKELEEQAAALKKEANELRAKAEAAEEALAAAENG,-149.40814208984375,-1.944,True,Not Sig,0
1835,LKEKIIEAIENAVEAAKEGNVTVTIYYLEKAEILAKKAGLEEVAKLAEEARKKAIEYATDKEKRKEIVEKLAEEALKLIE,-148.34783935546875,-1.983,True,Not Sig,0
4979,MSEEEIKEKLEEIELIFKLIEEYIELLKAGKEVGDVSALFERAEKILKELEEKDPSLKETIEKLKEKLKELKKKYEEVKN,-145.01873779296875,-2.036,True,Not Sig,0
3179,QLVPALLALLGGLADRAGLEGGLGADAAGLGGGLGGGAGGLGELLAGALGELLGGALRGLGGEGLGGLAGGGAAALRALA,-144.94195556640625,0.868,True,Not Sig,0
10986,SSIEKEIEELLAKAKEYKAEAEKKLAESKKYAAEADAYEKAGDKEKADALNAKSDYYDAEAKALTYDAEVYENKAKLLKE,-144.86703491210938,-2.053,True,Not Sig,0
5070,EEELKELKKELEERRKELMKLYEESPNDSELREKLAKMIQDIDASLETVDRLIKEGKLEEAKELLKKTLEWLDKKLKELK,-143.60592651367188,-2.236,True,Not Sig,0
10875,AEEAYNAAKAKYLAAKKAYAAVNAKAAALKAEAAALAKTDPAAGAALAAKADADGIEASKVLAEAEKAYKDAKNDYDLAK,-142.7877197265625,-1.828,True,Not Sig,0
3441,KTELDKKLEEVMKKLEEVVNRMKELDPSRASEYEQRLAEAKSQVQKLIEEGKKEEALKLAQEFLKEFEEDLRKLEQEKRQ,-142.6074676513672,-2.138,True,Not Sig,0
3536,ALDAERAALLAALSDAAATAATRDARVAALLAAAEAALAAGDWATALALLAEAAALVADDAALRARLDALRERLAALYLG,-141.227294921875,-1.983,True,Not Sig,0
2205,SQAQEELNAKAQELRAEAAKKRAEAEANAAKAEEMEKAGVDPAEVEQLREEAEKLTEEADALEAEAEAIQEELRRSELRG,-141.12843322753906,-1.935,True,Not Sig,0
1828,LRELAELALKLAEKYKDNIVLAANALKAVATQLILLGKTDEAQKIIELANKALAYLALGNEEEAKKAIEEAIELAKKALE,-140.1028594970703,-2.456,True,Not Sig,0
3686,LKEEIKKLLEELLKMAKEMGKEEIAKLLEKAKKAVEEGNIDEAKKLIDQILRMAEEMGLPEEFIEKVNELKELVERLKLE,-137.33795166015625,-2.354,True,Not Sig,0
8191,MLEKLKEELAALEAKLAELNAKKQAIDDKFAAITDALNAAIAAGEEAVKAVIASIDPAEFAALAEEKKKIDAEIAELKAK,-136.91470336914062,,True,Not Sig,0
10906,ATQAEIEKLLAEAKEAVEKAKGYEGLAIQYEEKAKQLEKEGGDPADIAAAKAKAKEAKAKAEEYAKKAAELLAKAEALKK,-126.44644165039062,-1.977,True,Not Sig,0
9470,SSALAAQAAALLAQAAEAQGKADAAWKAAGDADAQAKATAAKDAAKAAALAAEAAALKAEAAAWKAKADALKAEAAALLA,-120.78550720214844,-1.914,True,Not Sig,0
9760,MLKGEIEARELILEEAKKLAEEGKEEEAKALIERAKKVKSGVTKGEIEARELILEEAKKLAEEGKEEEAKALIERVNGGG,-59.70179748535156,-2.129,True,Not Sig,0
9764,MLKGEIEARELILEEAKKLAEEGKEEEAKALIERAKKVKSGTTKGEIEARELILEEAKKLAEEGKEEEAKALIERVNGGG,-58.74235534667969,-2.13,True,Not Sig,0
9660,MLKGEIEARELILEEAKKLAEEGKEEEAKALIERAKKVKSGITKGEIEARELILEEAKKLAEEGKEEEAKALIERVNGGG,-58.0615463256836,-2.094,True,Not Sig,0
9520,MLKGDIEAYKYLVEKYKDDPEKQAEAQKKLEEALAVQKDGVLKGDIEAYKYLVEKYKDDPEKQAEAQKKLEEALASAGGG,-45.3748893737793,-2.128,True,Not Sig,0
9482,SAKEEAEAKLAEAKAAKAAADAAGAAALAAADAALAEAKKAGPEAAKKALAALGEAAGARGGAAAQAAGEIDKAKAALKA,-142.73220825195312,-1.702,True,Up,0
5060,SETKKELEELENVLKQVKTVGELEALLEQFKEFLKKLPEEEAKELEKKVEEIEKLLEEGKVEESLKELKELIEEAKKLVE,-142.71591186523438,-2.022,True,Up,0
9211,SLKEEAEKLEKEAEEYGKKAGEYDQLALGAKNGAEQAKLAGDEKAAAEYEAKAKEYKAKADEYKKKSEELKAKAAALKAS,-120.6173324584961,-2.091,True,Up,0
9615,MLKGDIEAYKYLVEKYKDDPEKQAEAQKKLEEALANKSSSYLKGDIEAYKYLVEKYKDDPEKQAEAQKKLEEALASAGGG,-49.26787567138672,-2.277,True,Up,0
9680,MLKGDIEAYKYLVEKYKDDPEKQAEAQKKLEEALATKKRGVLKGDIEAYKYLVEKYKDDPEKQAEAQKKLEEALASAGGG,-47.84099197387695,-2.064,True,Up,0
9610,MLKGDIEAYKYLVEKYKDDPEKQAEAQKKLEEALADGSKESVLKGDIEAYKYLVEKYKDDPEKQAEAQKKLEEALASAGG,-47.48188400268555,-2.166,True,Up,0
